idlevel,Name,Org,Age,Level,PA,xSpect,K%,ISO,BB%,OPS,BABIP,AVG,OBP,SLG,XBH,HR,SB,CS,eFB%,eGB%,eLD%,Days,Date
21454-AAA,Lars Nootbaar,STL,24,AAA,14,6.364,7.1%,0.909,21.4%,1.935,0.286,0.455,0.571,1.364,4,3,0,0,57.1%,14.3%,28.6%,12,2022-05-26
sa1115829-AAA,Kyle Stowers,BAL,24,AAA,41,1.627,22.0%,0.714,14.6%,1.655,0.421,0.429,0.512,1.143,11,7,0,0,26.3%,52.6%,21.1%,12,2022-05-26
15535-AAA,Joseph Odom,SEA,30,AAA,16,0.914,31.2%,0.571,12.5%,1.634,0.714,0.5,0.562,1.071,4,2,0,0,57.1%,28.6%,28.6%,12,2022-05-26
16448-AAA,Jacob Nottingham,BAL,27,AAA,25,2.451,12.0%,0.588,32.0%,1.6,0.364,0.412,0.6,1.0,4,3,1,0,27.3%,36.4%,18.2%,12,2022-05-26
18433-AAA,P.J. Higgins,CHC,29,AAA,13,1.773,7.7%,0.273,7.7%,1.524,0.583,0.636,0.615,0.909,3,0,0,0,25.0%,33.3%,41.7%,12,2022-05-26
sa829756-AAA,Tristan Gray,TBR,26,AAA,35,0.902,31.4%,0.567,11.4%,1.452,0.5,0.4,0.486,0.967,7,5,2,1,35.7%,50.0%,7.1%,12,2022-05-26
sa873706-AAA,David MacKinnon,LAA,27,AAA,45,1.389,20.0%,0.556,17.8%,1.433,0.375,0.389,0.489,0.944,9,5,0,0,58.3%,29.2%,16.7%,12,2022-05-26
18425-AAA,Trey Amburgey,CIN,27,AAA,18,1.108,27.8%,0.615,27.8%,1.423,0.333,0.308,0.5,0.923,3,2,0,1,66.7%,0.0%,33.3%,12,2022-05-26
19552-AAA,Jaylin Davis,BOS,27,AAA,16,0.762,18.8%,0.286,18.8%,1.411,0.75,0.5,0.625,0.786,2,1,3,1,25.0%,37.5%,25.0%,12,2022-05-26
19552-AAA,Jaylin Davis,SFG,27,AAA,16,0.762,18.8%,0.286,18.8%,1.411,0.75,0.5,0.625,0.786,2,1,3,1,25.0%,37.5%,25.0%,12,2022-05-26
21622-AAA,Jake McCarthy,ARI,24,AAA,21,inf,0.0%,0.5,14.3%,1.399,0.286,0.375,0.524,0.875,3,2,1,0,28.6%,57.1%,14.3%,12,2022-05-26
16357-AAA,Pablo Reyes,MIL,28,AAA,35,3.346,5.7%,0.382,2.9%,1.397,0.483,0.5,0.514,0.882,7,3,3,0,41.4%,31.0%,27.6%,12,2022-05-26
sa3010166-AAA,Jimmy Govern,KCR,25,AAA,24,0.84,20.8%,0.35,16.7%,1.342,0.571,0.45,0.542,0.8,4,1,1,0,50.0%,21.4%,28.6%,12,2022-05-26
13167-AAA,Robel Garcia,CHC,29,AAA,40,1.0,20.0%,0.4,10.0%,1.304,0.44,0.429,0.475,0.829,6,4,0,0,20.0%,24.0%,56.0%,12,2022-05-26
sa830303-AAA,Micker Adolfo,CHW,25,AAA,29,0.537,27.6%,0.296,3.4%,1.295,0.667,0.481,0.517,0.778,6,1,0,1,16.7%,50.0%,33.3%,12,2022-05-26
sa1115762-AAA,Vinnie Pasquantino,KCR,24,AAA,46,1.066,21.7%,0.463,6.5%,1.288,0.414,0.39,0.435,0.854,11,4,0,0,48.3%,13.8%,37.9%,12,2022-05-26
16042-AAA,Mark Payton,CHW,30,AAA,36,2.109,11.1%,0.469,11.1%,1.288,0.333,0.375,0.444,0.844,7,4,1,2,62.5%,12.5%,25.0%,12,2022-05-26
sa511026-AAA,Aderlin Rodriguez,SDP,30,AAA,35,0.734,28.6%,0.419,2.9%,1.264,0.5,0.387,0.457,0.806,7,3,0,0,27.8%,33.3%,38.9%,12,2022-05-26
15482-AAA,Aristides Aquino,CIN,28,AAA,21,0.667,33.3%,0.444,4.8%,1.262,0.455,0.389,0.429,0.833,4,2,1,0,36.4%,18.2%,45.5%,12,2022-05-26
sa3003959-AAA,Cullen Large,TOR,26,AAA,21,0.817,23.8%,0.389,14.3%,1.254,0.455,0.389,0.476,0.778,3,2,2,0,54.5%,36.4%,0.0%,12,2022-05-26
sa3004885-AAA,Mason Martin,PIT,23,AAA,46,0.791,34.8%,0.55,13.0%,1.241,0.333,0.3,0.391,0.85,9,6,2,1,55.6%,16.7%,22.2%,12,2022-05-26
18288-AAA,Austin Dean,SFG,28,AAA,25,1.083,24.0%,0.52,0.0%,1.24,0.333,0.36,0.36,0.88,5,4,0,0,33.3%,40.0%,26.7%,12,2022-05-26
15654-AAA,Billy McKinney,OAK,27,AAA,41,1.409,12.2%,0.344,22.0%,1.231,0.375,0.375,0.512,0.719,5,3,0,0,45.8%,16.7%,37.5%,12,2022-05-26
sa913274-AAA,Corey Julks,HOU,26,AAA,34,1.177,20.6%,0.485,2.9%,1.231,0.364,0.364,0.382,0.848,7,4,1,0,40.9%,36.4%,22.7%,12,2022-05-26
sa915614-AAA,Colby Fitch,LAA,26,AAA,17,0.708,29.4%,0.417,5.9%,1.221,0.375,0.333,0.471,0.75,2,1,0,0,37.5%,25.0%,37.5%,12,2022-05-26
sa3003226-AAA,Gabriel Moreno,TOR,22,AAA,26,1.083,11.5%,0.25,3.8%,1.208,0.5,0.458,0.5,0.708,4,1,1,0,15.0%,50.0%,40.0%,12,2022-05-26
21635-AAA,Nick Maton,PHI,25,AAA,41,0.881,19.5%,0.344,17.1%,1.207,0.44,0.375,0.488,0.719,8,1,1,0,64.0%,16.0%,24.0%,12,2022-05-26
sa3006893-AAA,Jordan Groshans,TOR,22,AAA,31,0.431,9.7%,0.083,19.4%,1.196,0.571,0.5,0.613,0.583,2,0,0,0,19.0%,57.1%,23.8%,12,2022-05-26
sa3004179-AAA,Matthew Batten,SDP,27,AAA,47,0.954,25.5%,0.487,17.0%,1.173,0.273,0.282,0.404,0.769,9,5,1,0,63.6%,9.1%,31.8%,12,2022-05-26
sa3006895-AAA,Ji-hwan Bae,PIT,22,AAA,37,1.989,8.1%,0.323,13.5%,1.169,0.379,0.387,0.459,0.71,6,1,2,1,34.5%,37.9%,27.6%,12,2022-05-26
sa739013-AAA,Dominic Miroglio,ARI,27,AAA,13,0.867,23.1%,0.4,23.1%,1.162,0.333,0.3,0.462,0.7,2,1,0,0,50.0%,-16.7%,33.3%,12,2022-05-26
18206-AAA,Nick Dini,NYM,28,AAA,12,1.636,16.7%,0.545,8.3%,1.152,0.143,0.273,0.333,0.818,2,2,0,0,71.4%,0.0%,14.3%,12,2022-05-26
sa857222-AAA,Jason Delay,PIT,27,AAA,15,0.577,13.3%,0.154,13.3%,1.149,0.545,0.462,0.533,0.615,2,0,0,0,72.7%,18.2%,9.1%,12,2022-05-26
sa915707-AAA,Kevin Merrell,MIN,26,AAA,21,0.63,23.8%,0.3,4.8%,1.129,0.462,0.4,0.429,0.7,2,2,0,1,15.4%,53.8%,30.8%,12,2022-05-26
sa737020-AAA,Luis Liberato,SDP,26,AAA,22,0.971,18.2%,0.353,13.6%,1.115,0.357,0.353,0.409,0.706,4,1,0,0,42.9%,14.3%,42.9%,12,2022-05-26
24589-AAA,Richie Palacios,CLE,25,AAA,13,2.955,7.7%,0.455,15.4%,1.112,0.222,0.273,0.385,0.727,2,1,1,0,22.2%,44.4%,33.3%,12,2022-05-26
19250-AAA,Trent Giambrone,CHC,28,AAA,20,0.667,20.0%,0.267,20.0%,1.1,0.4,0.333,0.5,0.6,2,1,5,0,20.0%,30.0%,50.0%,12,2022-05-26
sa3007634-AAA,Triston Casas,BOS,22,AAA,13,0.722,15.4%,0.222,30.8%,1.094,0.429,0.333,0.538,0.556,2,0,0,0,14.3%,28.6%,57.1%,12,2022-05-26
sa873988-AAA,Camden Duzenack,ARI,27,AAA,23,0.46,21.7%,0.2,13.0%,1.078,0.5,0.4,0.478,0.6,2,1,0,1,28.6%,28.6%,42.9%,12,2022-05-26
22217-AAA,Luis Campusano,SDP,23,AAA,30,0.978,13.3%,0.261,20.0%,1.075,0.35,0.348,0.467,0.609,3,1,0,0,30.0%,65.0%,10.0%,12,2022-05-26
sa3014466-AAA,Alec Burleson,STL,23,AAA,42,1.625,9.5%,0.31,0.0%,1.071,0.371,0.381,0.381,0.69,7,3,1,0,34.3%,40.0%,25.7%,12,2022-05-26
19667-AAA,Zach Reks,TEX,28,AAA,19,0.559,26.3%,0.294,10.5%,1.068,0.455,0.353,0.421,0.647,3,1,0,0,27.3%,54.5%,36.4%,12,2022-05-26
sa3006896-AAA,Miguel Vargas,LAD,22,AAA,43,0.996,16.3%,0.324,14.0%,1.067,0.333,0.324,0.419,0.649,5,3,1,0,44.4%,33.3%,22.2%,12,2022-05-26
19873-AAA,Drew Ellis,ARI,26,AAA,27,0.839,25.9%,0.435,14.8%,1.066,0.286,0.261,0.37,0.696,5,2,0,0,28.6%,57.1%,14.3%,12,2022-05-26
sa915575-AAA,Devin Hairston,MIA,26,AAA,14,0.509,35.7%,0.364,21.4%,1.065,0.4,0.273,0.429,0.636,2,1,0,0,60.0%,20.0%,20.0%,12,2022-05-26
14131-AAA,Greg Bird,NYY,29,AAA,33,1.375,12.1%,0.333,9.1%,1.061,0.333,0.333,0.394,0.667,6,2,1,0,29.2%,41.7%,25.0%,12,2022-05-26
20493-AAA,Seth Beer,ARI,25,AAA,32,1.385,12.5%,0.346,6.2%,1.06,0.273,0.308,0.406,0.654,5,2,0,0,50.0%,50.0%,4.5%,12,2022-05-26
13795-AAA,Eric Stamets,TOR,30,AAA,18,1.2,16.7%,0.4,16.7%,1.056,0.2,0.267,0.389,0.667,2,2,1,0,70.0%,10.0%,10.0%,12,2022-05-26
19627-AAA,Brent Rooker,SDP,27,AAA,40,0.543,32.5%,0.353,15.0%,1.047,0.389,0.294,0.4,0.647,6,3,0,0,50.0%,27.8%,27.8%,12,2022-05-26
22263-AAA,Nolan Gorman,STL,22,AAA,147,0.542,34.0%,0.368,8.2%,1.044,0.371,0.308,0.367,0.677,19,15,3,0,47.1%,27.1%,27.1%,12,2022-05-26
18887-AAA,Seby Zavala,CHW,28,AAA,35,0.529,37.1%,0.393,20.0%,1.043,0.333,0.25,0.4,0.643,5,3,0,0,58.3%,25.0%,16.7%,12,2022-05-26
18848-AAA,Yohel Pozo,TEX,25,AAA,28,0.538,7.1%,0.077,7.1%,1.038,0.5,0.462,0.5,0.538,2,0,0,0,20.8%,41.7%,37.5%,12,2022-05-26
sa3007512-AAA,Travis Swaggerty,PIT,24,AAA,37,0.336,27.0%,0.182,10.8%,1.035,0.545,0.394,0.459,0.576,3,1,2,2,27.3%,40.9%,31.8%,12,2022-05-26
sa3004165-AAA,Bligh Madris,PIT,26,AAA,22,1.158,9.1%,0.211,13.6%,1.033,0.375,0.368,0.455,0.579,2,1,0,0,31.2%,43.8%,25.0%,12,2022-05-26
16852-AAA,John Nogowski,ATL,29,AAA,22,1.737,4.5%,0.158,9.1%,1.033,0.368,0.421,0.455,0.579,1,1,1,0,26.3%,42.1%,31.6%,12,2022-05-26
sa858829-AAA,Mitchell Tolman,CLE,28,AAA,34,0.586,23.5%,0.276,11.8%,1.032,0.45,0.345,0.412,0.621,5,1,0,0,25.0%,50.0%,30.0%,12,2022-05-26
14352-AAA,Lewis Brinson,HOU,28,AAA,32,0.684,28.1%,0.385,12.5%,1.029,0.286,0.269,0.375,0.654,4,3,0,0,35.7%,42.9%,14.3%,12,2022-05-26
17922-AAA,Isan Diaz,SFG,26,AAA,51,1.12,17.6%,0.395,13.7%,1.024,0.207,0.256,0.373,0.651,6,5,0,1,27.6%,44.8%,31.0%,12,2022-05-26
17922-AAA,Isan Diaz,MIA,26,AAA,51,1.12,17.6%,0.395,13.7%,1.024,0.207,0.256,0.373,0.651,6,5,0,1,27.6%,44.8%,31.0%,12,2022-05-26
sa943817-AAA,Jerar Encarnacion,MIA,24,AAA,32,0.516,34.4%,0.355,3.1%,1.021,0.412,0.323,0.344,0.677,5,3,0,0,35.3%,58.8%,5.9%,12,2022-05-26
sa829117-AAA,Stone Garrett,ARI,26,AAA,42,1.8,11.9%,0.429,11.9%,1.019,0.179,0.257,0.333,0.686,6,4,1,0,42.9%,35.7%,17.9%,12,2022-05-26
sa918457-AAA,Taylor Kohlwey,SDP,27,AAA,41,0.994,12.2%,0.242,17.1%,1.015,0.345,0.333,0.439,0.576,5,1,0,0,27.6%,34.5%,34.5%,12,2022-05-26
sa3006871-AAA,Cal Stevenson,TBR,25,AAA,25,0.34,28.0%,0.19,12.0%,1.011,0.467,0.381,0.44,0.571,2,1,1,1,26.7%,53.3%,20.0%,12,2022-05-26
14553-AAA,Nomar Mazara,SDP,27,AAA,36,0.7,16.7%,0.233,13.9%,1.011,0.391,0.333,0.444,0.567,5,1,0,0,47.8%,30.4%,21.7%,12,2022-05-26
sa881850-AAA,Ronaldo Hernandez,BOS,24,AAA,25,0.391,32.0%,0.25,12.0%,1.0,0.545,0.35,0.4,0.6,3,1,0,0,45.5%,36.4%,27.3%,12,2022-05-26
sa604598-AAA,Joey Meneses,WSN,30,AAA,40,0.973,12.5%,0.243,7.5%,0.995,0.367,0.351,0.4,0.595,5,2,0,0,43.3%,23.3%,36.7%,12,2022-05-26
sa3011540-AAA,Michael Busch,LAD,24,AAA,30,0.742,23.3%,0.346,6.7%,0.982,0.294,0.269,0.367,0.615,5,2,0,0,41.2%,35.3%,29.4%,12,2022-05-26
18032-AAA,Mark Mathias,MIL,27,AAA,25,0.694,12.0%,0.167,20.0%,0.98,0.312,0.333,0.48,0.5,1,1,1,0,50.0%,25.0%,25.0%,12,2022-05-26
11863-AAA,Yadiel Rivera,ARI,30,AAA,20,0.526,20.0%,0.211,5.0%,0.979,0.429,0.368,0.4,0.579,2,1,1,0,28.6%,42.9%,28.6%,12,2022-05-26
19896-AAA,Connor Wong,BOS,26,AAA,37,0.32,18.9%,0.121,10.8%,0.975,0.48,0.394,0.459,0.515,2,1,2,0,32.0%,56.0%,12.0%,12,2022-05-26
20437-AAA,Royce Lewis,MIN,23,AAA,31,0.468,25.8%,0.241,3.2%,0.973,0.421,0.345,0.387,0.586,3,2,2,1,21.1%,47.4%,36.8%,12,2022-05-26
17468-AAA,Kelvin Gutierrez,BAL,27,AAA,35,0.75,20.0%,0.3,11.4%,0.971,0.304,0.3,0.371,0.6,5,2,2,1,26.1%,56.5%,13.0%,12,2022-05-26
15585-AAA,Mike Ford,SFG,29,AAA,34,1.167,8.8%,0.206,-2.9%,0.971,0.379,0.382,0.382,0.588,3,2,0,0,3.4%,65.5%,31.0%,12,2022-05-26
15585-AAA,Mike Ford,SEA,29,AAA,34,1.167,8.8%,0.206,-2.9%,0.971,0.379,0.382,0.382,0.588,3,2,0,0,3.4%,65.5%,31.0%,12,2022-05-26
sa738300-AAA,Narciso Crook,CHC,26,AAA,10,0.556,40.0%,0.444,10.0%,0.967,0.25,0.222,0.3,0.667,2,1,0,0,25.0%,75.0%,25.0%,12,2022-05-26
18899-AAA,Lucius Fox,WSN,24,AAA,30,0.354,36.7%,0.259,6.7%,0.959,0.533,0.333,0.367,0.593,4,1,1,0,33.3%,53.3%,13.3%,12,2022-05-26
sa3006218-AAA,Ryan Fitzgerald,BOS,28,AAA,46,0.51,23.9%,0.244,0.0%,0.955,0.4,0.341,0.37,0.585,5,2,1,0,36.7%,30.0%,33.3%,12,2022-05-26
19508-AAA,Kyle Lewis,SEA,26,AAA,19,0.633,21.1%,0.267,15.8%,0.954,0.3,0.267,0.421,0.533,2,1,0,0,50.0%,30.0%,10.0%,12,2022-05-26
17922-AAA,Isan Diaz,MIA,26,AAA,31,0.789,25.8%,0.407,12.9%,0.952,0.188,0.222,0.323,0.63,4,3,0,0,25.0%,56.2%,31.2%,12,2022-05-26
17922-AAA,Isan Diaz,SFG,26,AAA,31,0.789,25.8%,0.407,12.9%,0.952,0.188,0.222,0.323,0.63,4,3,0,0,25.0%,56.2%,31.2%,12,2022-05-26
sa3004138-AAA,Nick Pratto,KCR,23,AAA,49,0.554,26.5%,0.294,30.6%,0.949,0.222,0.206,0.449,0.5,4,3,1,0,50.0%,33.3%,11.1%,12,2022-05-26
sa3008002-AAA,Kody Clemens,DET,26,AAA,43,0.489,25.6%,0.25,7.0%,0.947,0.429,0.325,0.372,0.575,6,1,0,0,28.6%,46.4%,25.0%,12,2022-05-26
19521-AAA,Andrew Young,WSN,28,AAA,17,0.283,35.3%,0.2,11.8%,0.945,0.5,0.333,0.412,0.533,1,1,1,1,37.5%,50.0%,25.0%,12,2022-05-26
15817-AAA,Erick Mejia,SEA,27,AAA,37,1.088,16.2%,0.353,8.1%,0.942,0.208,0.265,0.324,0.618,4,4,1,0,50.0%,41.7%,12.5%,12,2022-05-26
19859-AAA,Rene Pinto,TBR,25,AAA,35,0.421,37.1%,0.312,8.6%,0.937,0.412,0.281,0.343,0.594,6,2,0,0,41.2%,29.4%,23.5%,12,2022-05-26
17736-AAA,Richie Martin,BAL,27,AAA,40,0.353,25.0%,0.176,7.5%,0.925,0.458,0.324,0.425,0.5,5,0,4,0,16.7%,45.8%,33.3%,12,2022-05-26
sa3004159-AAA,Brewer Hicklen,KCR,26,AAA,43,0.316,39.5%,0.25,14.0%,0.923,0.471,0.278,0.395,0.528,5,2,3,0,47.1%,29.4%,17.6%,12,2022-05-26
sa918418-AAA,Jim Haley,TBR,27,AAA,29,0.423,34.5%,0.292,13.8%,0.921,0.333,0.25,0.379,0.542,3,2,1,0,41.7%,41.7%,16.7%,12,2022-05-26
19151-AAA,Estevan Florial,NYY,24,AAA,30,0.376,36.7%,0.276,0.0%,0.92,0.438,0.31,0.333,0.586,4,2,2,1,31.2%,37.5%,31.2%,12,2022-05-26
22275-AAA,Jake Burger,CHW,26,AAA,33,0.688,24.2%,0.333,18.2%,0.919,0.188,0.222,0.364,0.556,3,3,0,0,62.5%,43.8%,6.2%,12,2022-05-26
sa3004617-AAA,Buddy Kennedy,ARI,23,AAA,39,0.295,10.3%,0.061,12.8%,0.916,0.419,0.394,0.462,0.455,1,0,2,1,16.1%,54.8%,25.8%,12,2022-05-26
sa830359-AAA,Andruw Monasterio,MIL,25,AAA,34,0.29,32.4%,0.188,5.9%,0.914,0.524,0.344,0.382,0.531,5,0,1,0,28.6%,28.6%,42.9%,12,2022-05-26
15104-AAA,Jonathan Davis,MIL,30,AAA,45,0.21,28.9%,0.121,22.2%,0.913,0.474,0.303,0.489,0.424,2,1,4,1,21.1%,57.9%,21.1%,12,2022-05-26
19422-AAA,Brian Serven,COL,27,AAA,96,0.748,15.6%,0.234,16.7%,0.913,0.271,0.273,0.406,0.506,8,5,0,0,30.5%,54.2%,15.3%,12,2022-05-26
19318-AAA,Matt Thaiss,LAA,27,AAA,17,0.304,35.3%,0.214,17.6%,0.912,0.429,0.286,0.412,0.5,1,1,0,0,42.9%,71.4%,-14.3%,12,2022-05-26
12092-AAA,Niko Goodrum,HOU,30,AAA,34,0.37,29.4%,0.217,32.4%,0.905,0.333,0.217,0.471,0.435,3,1,2,0,50.0%,41.7%,16.7%,12,2022-05-26
sa918192-AAA,Samad Taylor,TOR,23,AAA,37,0.204,21.6%,0.088,5.4%,0.903,0.5,0.382,0.432,0.471,2,0,6,2,19.2%,57.7%,23.1%,12,2022-05-26
17932-AAA,Andrew Stevenson,WSN,28,AAA,43,0.291,18.6%,0.108,7.0%,0.901,0.448,0.351,0.442,0.459,4,0,2,1,27.6%,37.9%,31.0%,12,2022-05-26
19432-AAA,Yonny Hernandez,ARI,24,AAA,10,0.625,10.0%,0.125,10.0%,0.9,0.429,0.375,0.4,0.5,1,0,2,0,14.3%,71.4%,14.3%,12,2022-05-26
19432-AAA,Yonny Hernandez,TEX,24,AAA,10,0.625,10.0%,0.125,10.0%,0.9,0.429,0.375,0.4,0.5,1,0,2,0,14.3%,71.4%,14.3%,12,2022-05-26
20599-AAA,Ivan Herrera,STL,22,AAA,84,0.405,22.6%,0.183,13.1%,0.898,0.385,0.31,0.405,0.493,8,2,1,0,30.8%,48.1%,23.1%,12,2022-05-26
14137-AAA,Tim Lopes,COL,28,AAA,37,0.561,21.6%,0.242,8.1%,0.897,0.346,0.303,0.351,0.545,5,1,1,1,19.2%,38.5%,42.3%,12,2022-05-26
18083-AAA,Austin Allen,OAK,28,AAA,26,2.737,3.8%,0.211,23.1%,0.897,0.211,0.263,0.423,0.474,2,1,0,0,36.8%,52.6%,10.5%,12,2022-05-26
sa913279-AAA,Armando Alvarez,NYY,27,AAA,12,3.273,8.3%,0.545,0.0%,0.894,0.0,0.182,0.167,0.727,2,2,0,0,50.0%,30.0%,30.0%,12,2022-05-26
sa3006715-AAA,Coco Montes,COL,25,AAA,28,0.25,28.6%,0.143,17.9%,0.893,0.462,0.286,0.464,0.429,3,0,1,0,46.2%,23.1%,30.8%,12,2022-05-26
24617-AAA,Jarren Duran,BOS,25,AAA,48,0.518,29.2%,0.302,8.3%,0.891,0.333,0.256,0.333,0.558,8,2,1,0,33.3%,33.3%,25.9%,12,2022-05-26
18054-AAA,Sam Haggerty,SEA,28,AAA,23,0.383,26.1%,0.2,8.7%,0.891,0.429,0.3,0.391,0.5,3,0,2,0,21.4%,50.0%,21.4%,12,2022-05-26
20263-AAA,Mario Feliciano,MIL,23,AAA,31,0.0,6.5%,0.0,9.7%,0.891,0.44,0.407,0.484,0.407,0,0,1,1,16.0%,56.0%,28.0%,12,2022-05-26
sa876814-AAA,Nash Knight,TEX,29,AAA,29,0.763,6.9%,0.105,31.0%,0.886,0.294,0.263,0.517,0.368,2,0,0,1,35.3%,35.3%,29.4%,12,2022-05-26
16593-AAA,Kevin Padlo,SEA,25,AAA,21,0.467,23.8%,0.222,14.3%,0.881,0.333,0.278,0.381,0.5,2,1,1,0,25.0%,41.7%,33.3%,12,2022-05-26
16593-AAA,Kevin Padlo,SFG,25,AAA,21,0.467,23.8%,0.222,14.3%,0.881,0.333,0.278,0.381,0.5,2,1,1,0,25.0%,41.7%,33.3%,12,2022-05-26
sa918012-AAA,Conner Capel,STL,25,AAA,34,0.159,29.4%,0.094,5.9%,0.881,0.545,0.375,0.412,0.469,3,0,2,1,27.3%,40.9%,27.3%,12,2022-05-26
sa828703-AAA,Marcus Wilson,SEA,25,AAA,24,0.188,33.3%,0.125,33.3%,0.875,0.5,0.25,0.5,0.375,1,0,0,0,37.5%,50.0%,12.5%,12,2022-05-26
sa3006667-AAA,Robert Neustrom,BAL,25,AAA,38,0.633,26.3%,0.333,5.3%,0.873,0.261,0.25,0.289,0.583,6,3,0,0,52.2%,34.8%,17.4%,12,2022-05-26
20325-AAA,Alex Kirilloff,MIN,24,AAA,49,0.285,16.3%,0.093,12.2%,0.87,0.412,0.349,0.429,0.442,2,1,0,0,23.5%,50.0%,26.5%,12,2022-05-26
19294-AAA,Nick Solak,TEX,27,AAA,19,0.176,15.8%,0.056,5.3%,0.865,0.467,0.389,0.421,0.444,1,0,1,0,26.7%,26.7%,40.0%,12,2022-05-26
23378-AAA,Jose Barrero,CIN,24,AAA,18,0.303,38.9%,0.235,5.6%,0.863,0.444,0.294,0.333,0.529,2,1,0,0,11.1%,44.4%,44.4%,12,2022-05-26
22169-AAA,Cal Mitchell,PIT,23,AAA,138,0.668,14.5%,0.194,7.2%,0.862,0.32,0.306,0.362,0.5,14,5,6,0,31.1%,48.5%,19.4%,12,2022-05-26
sa3011471-AAA,Yolbert Sanchez,CHW,25,AAA,35,0.53,14.3%,0.152,5.7%,0.856,0.37,0.333,0.371,0.485,3,1,0,0,25.9%,48.1%,25.9%,12,2022-05-26
22165-AAA,Ryan Vilade,COL,23,AAA,38,0.96,7.9%,0.152,7.9%,0.853,0.324,0.333,0.368,0.485,4,0,1,1,32.4%,38.2%,29.4%,12,2022-05-26
sa876187-AAA,Ford Proctor,TBR,25,AAA,37,0.337,32.4%,0.219,10.8%,0.851,0.389,0.281,0.351,0.5,3,2,0,0,33.3%,38.9%,27.8%,12,2022-05-26
sa829387-AAA,Cristian Santana,CIN,25,AAA,37,0.408,10.8%,0.088,8.1%,0.847,0.379,0.353,0.405,0.441,1,1,0,0,27.6%,41.4%,34.5%,12,2022-05-26
17714-AAA,Christin Stewart,BOS,28,AAA,34,0.243,29.4%,0.143,11.8%,0.84,0.412,0.286,0.412,0.429,2,1,1,0,52.9%,41.2%,11.8%,12,2022-05-26
21558-AAA,Matt Vierling,PHI,25,AAA,45,0.808,11.1%,0.179,13.3%,0.839,0.303,0.282,0.378,0.462,5,1,6,2,45.5%,36.4%,18.2%,12,2022-05-26
12140-AAA,Juniel Querecuto,CIN,29,AAA,37,1.057,8.1%,0.171,5.4%,0.837,0.344,0.314,0.351,0.486,5,0,0,2,34.4%,37.5%,25.0%,12,2022-05-26
sa875089-AAA,Brendon Davis,LAA,24,AAA,18,0.562,22.2%,0.25,5.6%,0.833,0.333,0.25,0.333,0.5,3,0,0,1,25.0%,33.3%,41.7%,12,2022-05-26
sa829199-AAA,Roberto Ramos,BOS,27,AAA,27,0.307,40.7%,0.25,11.1%,0.833,0.417,0.25,0.333,0.5,4,1,0,0,50.0%,25.0%,25.0%,12,2022-05-26
sa875089-AAA,Brendon Davis,DET,24,AAA,18,0.562,22.2%,0.25,5.6%,0.833,0.333,0.25,0.333,0.5,3,0,0,1,25.0%,33.3%,41.7%,12,2022-05-26
sa3010586-AAA,Spencer Steer,MIN,24,AAA,12,0.0,8.3%,0.0,16.7%,0.833,0.375,0.333,0.5,0.333,0,0,0,0,25.0%,62.5%,12.5%,12,2022-05-26
19392-AAA,Zach McKinstry,LAD,27,AAA,41,0.311,14.6%,0.091,17.1%,0.833,0.346,0.303,0.439,0.394,1,1,0,0,30.8%,50.0%,23.1%,12,2022-05-26
21711-AAA,Oneil Cruz,PIT,23,AAA,47,0.478,25.5%,0.244,12.8%,0.828,0.269,0.244,0.34,0.488,4,3,1,1,34.6%,46.2%,15.4%,12,2022-05-26
sa918318-AAA,Miles Mastrobuoni,TBR,26,AAA,46,0.272,28.3%,0.154,15.2%,0.827,0.375,0.282,0.391,0.436,2,2,2,0,29.2%,50.0%,16.7%,12,2022-05-26
sa1115778-AAA,Dominic Fletcher,ARI,24,AAA,22,0.0,27.3%,0.0,9.1%,0.823,0.538,0.368,0.455,0.368,0,0,0,0,7.7%,69.2%,23.1%,12,2022-05-26
19779-AAA,Dairon Blanco,KCR,29,AAA,113,0.349,25.7%,0.179,15.0%,0.823,0.328,0.263,0.381,0.442,7,5,13,0,29.5%,49.2%,19.7%,12,2022-05-26
sa3004390-AAA,Demetrius Sims,MIA,26,AAA,20,0.105,25.0%,0.053,0.0%,0.821,0.5,0.368,0.4,0.421,1,0,1,0,42.9%,35.7%,7.1%,12,2022-05-26
sa917927-AAA,Will Benson,CLE,24,AAA,37,0.506,21.6%,0.219,13.5%,0.82,0.273,0.25,0.351,0.469,3,2,2,0,36.4%,50.0%,13.6%,12,2022-05-26
26288-AAA,Adley Rutschman,BAL,24,AAA,53,0.924,11.3%,0.209,13.2%,0.819,0.206,0.233,0.377,0.442,3,3,0,0,23.5%,50.0%,23.5%,12,2022-05-26
sa3008479-AAA,Michael Stefanic,LAA,26,AAA,43,0.307,9.3%,0.057,11.6%,0.819,0.343,0.343,0.419,0.4,2,0,2,1,31.4%,51.4%,14.3%,12,2022-05-26
19252-AAA,Cavan Biggio,TOR,27,AAA,31,0.246,19.4%,0.095,32.3%,0.817,0.333,0.238,0.484,0.333,2,0,2,0,33.3%,53.3%,13.3%,12,2022-05-26
10441-AAA,Jon Singleton,MIL,30,AAA,30,0.273,36.7%,0.2,16.7%,0.807,0.385,0.24,0.367,0.44,3,1,0,0,23.1%,53.8%,30.8%,12,2022-05-26
sa3007063-AAA,David Villar,SFG,25,AAA,34,0.327,35.3%,0.231,23.5%,0.805,0.25,0.192,0.382,0.423,2,2,0,0,58.3%,25.0%,16.7%,12,2022-05-26
sa3004813-AAA,Logan Warmoth,TOR,26,AAA,23,0.958,13.0%,0.25,4.3%,0.804,0.222,0.25,0.304,0.5,3,1,0,1,38.9%,55.6%,5.6%,12,2022-05-26
sa3004279-AAA,Canaan Smith-Njigba,PIT,23,AAA,38,0.262,26.3%,0.138,23.7%,0.8,0.368,0.241,0.421,0.379,4,0,1,1,15.8%,57.9%,26.3%,12,2022-05-26
sa918888-AAA,Zach Davis,CHC,28,AAA,14,0.0,21.4%,0.0,28.6%,0.8,0.429,0.3,0.5,0.3,0,0,2,0,0.0%,71.4%,28.6%,12,2022-05-26
sa3004056-AAA,David Banuelos,MIN,25,AAA,15,0.333,40.0%,0.267,0.0%,0.8,0.375,0.267,0.267,0.533,2,1,0,0,37.5%,12.5%,50.0%,12,2022-05-26
18015-AAA,Paul DeJong,STL,28,AAA,40,0.476,17.5%,0.167,5.0%,0.797,0.312,0.306,0.325,0.472,4,1,1,0,40.6%,37.5%,21.9%,12,2022-05-26
19872-AAA,Greg Deichmann,CHC,27,AAA,25,0.272,24.0%,0.13,8.0%,0.795,0.412,0.304,0.36,0.435,3,0,1,1,35.3%,29.4%,35.3%,12,2022-05-26
19432-AAA,Yonny Hernandez,ARI,24,AAA,97,0.289,17.5%,0.101,14.4%,0.794,0.371,0.291,0.402,0.392,6,0,13,2,12.9%,50.0%,37.1%,12,2022-05-26
19432-AAA,Yonny Hernandez,TEX,24,AAA,97,0.289,17.5%,0.101,14.4%,0.794,0.371,0.291,0.402,0.392,6,0,13,2,12.9%,50.0%,37.1%,12,2022-05-26
sa829152-AAA,Brian O'Keefe,SEA,28,AAA,28,0.38,28.6%,0.217,14.3%,0.792,0.286,0.217,0.357,0.435,3,1,0,0,28.6%,35.7%,28.6%,12,2022-05-26
sa876363-AAA,Dalton Kelly,OAK,27,AAA,27,0.276,25.9%,0.143,22.2%,0.788,0.357,0.238,0.407,0.381,2,0,0,1,28.6%,28.6%,35.7%,12,2022-05-26
sa823925-AAA,Michael De Leon,CIN,25,AAA,11,,0.0%,0.0,18.2%,0.788,0.333,0.333,0.455,0.333,0,0,0,0,22.2%,44.4%,33.3%,12,2022-05-26
sa3014838-AAA,Pedro Leon,HOU,24,AAA,45,0.402,31.1%,0.25,11.1%,0.786,0.292,0.225,0.311,0.475,6,2,1,0,37.5%,41.7%,20.8%,12,2022-05-26
sa3008140-AAA,Cadyn Grenier,BAL,25,AAA,34,0.155,32.4%,0.1,11.8%,0.782,0.474,0.3,0.382,0.4,3,0,0,2,31.6%,42.1%,26.3%,12,2022-05-26
sa873599-AAA,Stevie Berman,TOR,27,AAA,39,0.419,23.1%,0.194,12.8%,0.778,0.261,0.226,0.359,0.419,4,1,0,0,26.1%,47.8%,26.1%,12,2022-05-26
sa873599-AAA,Stevie Berman,MIN,27,AAA,39,0.419,23.1%,0.194,12.8%,0.778,0.261,0.226,0.359,0.419,4,1,0,0,26.1%,47.8%,26.1%,12,2022-05-26
sa881025-AAA,Dermis Garcia,OAK,24,AAA,36,0.367,36.1%,0.265,5.6%,0.778,0.316,0.235,0.278,0.5,5,2,1,0,36.8%,26.3%,31.6%,12,2022-05-26
17109-AAA,Meibrys Viloria,TEX,25,AAA,21,0.333,33.3%,0.222,14.3%,0.778,0.3,0.222,0.333,0.444,2,1,0,0,40.0%,20.0%,40.0%,12,2022-05-26
14942-AAA,Andrew Knapp,SEA,30,AAA,12,0.5,33.3%,0.333,16.7%,0.778,0.0,0.111,0.333,0.444,1,1,0,0,75.0%,0.0%,25.0%,12,2022-05-26
sa549926-AAA,D.J. Peterson,COL,30,AAA,22,0.116,22.7%,0.053,9.1%,0.778,0.429,0.316,0.409,0.368,1,0,0,0,14.3%,57.1%,21.4%,12,2022-05-26
17696-AAA,Kevin Newman,PIT,28,AAA,10,inf,0.0%,0.125,10.0%,0.775,0.25,0.25,0.4,0.375,1,0,0,0,50.0%,50.0%,0.0%,12,2022-05-26
sa919293-AAA,Jonathan Aranda,TBR,24,AAA,40,0.179,20.0%,0.071,20.0%,0.771,0.318,0.25,0.45,0.321,2,0,0,0,36.4%,36.4%,18.2%,12,2022-05-26
19608-AAA,Otto Lopez,TOR,23,AAA,36,0.414,16.7%,0.138,19.4%,0.768,0.304,0.241,0.389,0.379,3,0,1,0,17.4%,56.5%,30.4%,12,2022-05-26
sa3004720-AAA,Mark Vientos,NYM,22,AAA,28,0.311,35.7%,0.222,3.6%,0.767,0.375,0.259,0.286,0.481,4,1,0,0,37.5%,43.8%,18.8%,12,2022-05-26
19953-AAA,Josh Lowe,TBR,24,AAA,44,0.196,31.8%,0.125,6.8%,0.766,0.429,0.3,0.341,0.425,5,0,1,1,46.4%,42.9%,14.3%,12,2022-05-26
sa3006787-AAA,David Fry,CLE,26,AAA,28,0.35,28.6%,0.2,3.6%,0.766,0.333,0.28,0.286,0.48,3,1,0,0,27.8%,38.9%,33.3%,12,2022-05-26
sa3006678-AAA,Manny Rodriguez,NYM,25,AAA,17,0.3,29.4%,0.176,0.0%,0.765,0.364,0.294,0.294,0.471,1,1,1,0,27.3%,45.5%,36.4%,12,2022-05-26
17838-AAA,Willie Calhoun,TEX,27,AAA,24,0.571,12.5%,0.143,8.3%,0.762,0.263,0.286,0.333,0.429,1,1,0,0,52.6%,36.8%,10.5%,12,2022-05-26
sa657521-AAA,Angelo Castellano,KCR,27,AAA,23,inf,0.0%,0.235,8.7%,0.76,0.125,0.176,0.348,0.412,2,1,1,0,56.2%,18.8%,12.5%,12,2022-05-26
13593-AAA,Jose Peraza,NYY,28,AAA,25,2.174,4.0%,0.174,8.0%,0.755,0.238,0.261,0.32,0.435,2,1,0,1,42.9%,23.8%,33.3%,12,2022-05-26
sa829082-AAA,Nick Tanielu,TEX,29,AAA,21,0.332,23.8%,0.158,9.5%,0.754,0.308,0.263,0.333,0.421,1,1,0,0,46.2%,7.7%,38.5%,12,2022-05-26
sa828577-AAA,Carlos Perez,CHW,25,AAA,31,0.534,19.4%,0.207,6.5%,0.739,0.238,0.241,0.29,0.448,2,2,0,0,42.9%,38.1%,23.8%,12,2022-05-26
sa3010034-AAA,Korey Lee,HOU,23,AAA,29,0.39,34.5%,0.269,6.9%,0.737,0.214,0.192,0.276,0.462,3,2,0,0,64.3%,7.1%,21.4%,12,2022-05-26
sa829836-AAA,Dalton Guthrie,PHI,26,AAA,21,0.225,33.3%,0.15,0.0%,0.736,0.462,0.3,0.286,0.45,3,0,0,0,53.8%,15.4%,30.8%,12,2022-05-26
sa3004755-AAA,Tyler Freeman,CLE,23,AAA,43,0.398,14.0%,0.111,11.6%,0.733,0.276,0.25,0.372,0.361,2,1,2,0,17.2%,55.2%,20.7%,12,2022-05-26
19710-AAA,Ronnie Dawson,CIN,27,AAA,32,0.143,25.0%,0.071,9.4%,0.732,0.4,0.286,0.375,0.357,2,0,0,0,35.0%,35.0%,30.0%,12,2022-05-26
sa873690-AAA,Weston Wilson,MIL,27,AAA,41,0.219,31.7%,0.139,12.2%,0.73,0.364,0.25,0.341,0.389,3,1,2,0,40.9%,40.9%,22.7%,12,2022-05-26
19878-AAA,Adam Haseley,CHW,26,AAA,34,0.354,17.6%,0.125,5.9%,0.73,0.32,0.281,0.324,0.406,2,1,3,0,28.0%,44.0%,28.0%,12,2022-05-26
21304-AAA,Mark Kolozsvary,CIN,26,AAA,20,0.268,35.0%,0.188,15.0%,0.725,0.25,0.188,0.35,0.375,1,1,0,0,50.0%,37.5%,25.0%,12,2022-05-26
18889-AAA,Danny Mendick,CHW,28,AAA,30,0.288,33.3%,0.192,6.7%,0.723,0.333,0.231,0.3,0.423,3,1,1,1,46.7%,33.3%,26.7%,12,2022-05-26
20220-AAA,Jo Adell,LAA,23,AAA,38,0.399,34.2%,0.273,10.5%,0.718,0.2,0.182,0.263,0.455,5,2,0,0,45.0%,45.0%,10.0%,12,2022-05-26
sa3006854-AAA,William Hancock,KCR,25,AAA,12,0.0,25.0%,0.0,16.7%,0.717,0.429,0.3,0.417,0.3,0,0,0,0,28.6%,42.9%,28.6%,12,2022-05-26
sa737626-AAA,Ben DeLuzio,STL,27,AAA,32,0.474,28.1%,0.267,3.1%,0.717,0.211,0.2,0.25,0.467,4,2,2,0,42.1%,42.1%,10.5%,12,2022-05-26
15189-AAA,Dustin Peterson,MIL,27,AAA,37,0.093,32.4%,0.061,8.1%,0.715,0.435,0.303,0.351,0.364,2,0,0,0,34.8%,30.4%,34.8%,12,2022-05-26
15189-AAA,Dustin Peterson,PHI,27,AAA,37,0.093,32.4%,0.061,8.1%,0.715,0.435,0.303,0.351,0.364,2,0,0,0,34.8%,30.4%,34.8%,12,2022-05-26
20022-AAA,Kramer Robertson,STL,27,AAA,42,0.35,28.6%,0.2,23.8%,0.714,0.125,0.133,0.381,0.333,2,2,1,1,37.5%,56.2%,12.5%,12,2022-05-26
19703-AAA,Jake Noll,WSN,28,AAA,32,0.305,21.9%,0.133,6.2%,0.712,0.318,0.267,0.312,0.4,2,1,1,0,54.5%,36.4%,13.6%,12,2022-05-26
17807-AAA,Drew Jackson,OAK,28,AAA,45,0.096,26.7%,0.051,13.3%,0.711,0.407,0.282,0.378,0.333,2,0,5,0,22.2%,63.0%,14.8%,12,2022-05-26
17216-AAA,Monte Harrison,LAA,26,AAA,26,0.222,30.8%,0.136,15.4%,0.71,0.308,0.227,0.346,0.364,1,1,7,0,30.8%,53.8%,15.4%,12,2022-05-26
17276-AAA,Alex Jackson,MIA,26,AAA,83,0.319,26.5%,0.169,8.4%,0.708,0.275,0.225,0.313,0.394,8,2,1,0,41.2%,39.2%,21.6%,12,2022-05-26
17276-AAA,Alex Jackson,MIL,26,AAA,83,0.319,26.5%,0.169,8.4%,0.708,0.275,0.225,0.313,0.394,8,2,1,0,41.2%,39.2%,21.6%,12,2022-05-26
15994-AAA,Kean Wong,LAA,27,AAA,39,0.252,12.8%,0.065,17.9%,0.707,0.286,0.258,0.385,0.323,2,0,4,1,14.3%,67.9%,17.9%,12,2022-05-26
11379-AAA,Delino DeShields,ATL,29,AAA,19,0.0,36.8%,0.0,15.8%,0.707,0.444,0.286,0.421,0.286,0,0,0,0,44.4%,33.3%,22.2%,12,2022-05-26
sa3004140-AAA,Bubba Thompson,TEX,24,AAA,34,0.111,26.5%,0.059,0.0%,0.706,0.44,0.324,0.324,0.382,1,0,7,0,12.0%,68.0%,20.0%,12,2022-05-26
sa918293-AAA,Darick Hall,PHI,26,AAA,44,0.376,27.3%,0.205,11.4%,0.706,0.24,0.205,0.295,0.41,4,2,3,0,48.0%,48.0%,4.0%,12,2022-05-26
15971-AAA,Ivan Castillo,KCR,27,AAA,40,0.541,12.5%,0.135,5.0%,0.705,0.29,0.27,0.3,0.405,3,1,0,1,22.6%,58.1%,22.6%,12,2022-05-26
17684-AAA,Vimael Machin,OAK,28,AAA,45,0.188,6.7%,0.025,11.1%,0.703,0.324,0.3,0.378,0.325,1,0,0,0,35.1%,40.5%,27.0%,12,2022-05-26
19477-AAA,Alex De Goti,HOU,27,AAA,39,0.722,15.4%,0.222,5.1%,0.701,0.2,0.222,0.256,0.444,4,2,0,0,40.0%,36.7%,23.3%,12,2022-05-26
19727-AAA,Joe Dunand,MIA,26,AAA,15,0.238,60.0%,0.286,0.0%,0.7,0.5,0.214,0.2,0.5,2,1,0,0,100.0%,0.0%,25.0%,12,2022-05-26
sa913343-AAA,Alex Call,CLE,27,AAA,41,0.233,19.5%,0.091,17.1%,0.699,0.32,0.242,0.366,0.333,3,0,1,0,40.0%,40.0%,16.0%,12,2022-05-26
18881-AAA,Curtis Terry,MIN,25,AAA,41,0.512,19.5%,0.2,9.8%,0.693,0.185,0.2,0.293,0.4,3,2,0,0,40.7%,44.4%,7.4%,12,2022-05-26
sa1169803-AAA,Clay Dungan,KCR,26,AAA,43,0.242,16.3%,0.079,9.3%,0.691,0.323,0.263,0.349,0.342,3,0,4,0,32.3%,58.1%,9.7%,12,2022-05-26
16313-AAA,Yairo Munoz,PHI,27,AAA,37,0.385,21.6%,0.167,2.7%,0.687,0.296,0.25,0.27,0.417,4,1,2,0,40.7%,40.7%,18.5%,12,2022-05-26
sa659238-AAA,Elier Hernandez,TEX,27,AAA,23,0.319,26.1%,0.167,21.7%,0.681,0.182,0.167,0.348,0.333,1,1,1,0,45.5%,36.4%,18.2%,12,2022-05-26
sa3006733-AAA,David Hensley,HOU,26,AAA,41,0.098,29.3%,0.057,14.6%,0.68,0.391,0.257,0.366,0.314,2,0,2,0,8.7%,65.2%,30.4%,12,2022-05-26
22558-AAA,Jarred Kelenic,SEA,22,AAA,37,0.17,43.2%,0.147,8.1%,0.68,0.412,0.235,0.297,0.382,3,1,0,0,41.2%,47.1%,11.8%,12,2022-05-26
14477-AAA,Jake Cave,MIN,29,AAA,43,0.314,27.9%,0.175,7.0%,0.679,0.269,0.225,0.279,0.4,3,2,1,0,34.6%,46.2%,19.2%,12,2022-05-26
16411-AAA,Richard Urena,WSN,26,AAA,21,0.206,14.3%,0.059,14.3%,0.675,0.286,0.235,0.381,0.294,1,0,1,0,35.7%,57.1%,7.1%,12,2022-05-26
sa3009876-AAA,Peyton Burdick,MIA,25,AAA,41,0.402,22.0%,0.176,12.2%,0.675,0.231,0.206,0.293,0.382,3,1,0,0,61.5%,19.2%,19.2%,12,2022-05-26
14818-AAA,JaCoby Jones,KCR,30,AAA,23,0.404,26.1%,0.211,13.0%,0.673,0.167,0.158,0.304,0.368,2,1,0,0,58.3%,25.0%,16.7%,12,2022-05-26
sa3011890-AAA,Davis Wendzel,TEX,25,AAA,23,0.259,30.4%,0.158,13.0%,0.673,0.231,0.211,0.304,0.368,1,1,0,0,76.9%,7.7%,15.4%,12,2022-05-26
sa738505-AAA,Chris Okey,CIN,27,AAA,11,0.55,18.2%,0.2,9.1%,0.673,0.25,0.2,0.273,0.4,1,0,0,0,0.0%,50.0%,50.0%,12,2022-05-26
sa3011703-AAA,Josh H. Smith,TEX,24,AAA,41,0.058,26.8%,0.031,12.2%,0.671,0.348,0.25,0.39,0.281,1,0,3,1,34.8%,43.5%,17.4%,12,2022-05-26
19818-AAA,Josh Palacios,WSN,26,AAA,84,0.15,19.0%,0.057,15.5%,0.671,0.321,0.257,0.357,0.314,4,0,4,1,28.6%,42.9%,30.4%,12,2022-05-26
19818-AAA,Josh Palacios,TOR,26,AAA,84,0.15,19.0%,0.057,15.5%,0.671,0.321,0.257,0.357,0.314,4,0,4,1,28.6%,42.9%,30.4%,12,2022-05-26
11602-AAA,Yolmer Sanchez,BOS,30,AAA,40,0.264,32.5%,0.171,12.5%,0.671,0.286,0.2,0.3,0.371,3,1,1,0,33.3%,47.6%,19.0%,12,2022-05-26
14678-AAA,Tzu-Wei Lin,NYM,28,AAA,26,0.39,30.8%,0.24,3.8%,0.671,0.2,0.2,0.231,0.44,2,2,0,1,33.3%,40.0%,33.3%,12,2022-05-26
12174-AAA,Jorge Bonifacio,PHI,29,AAA,23,0.348,26.1%,0.182,4.3%,0.67,0.267,0.227,0.261,0.409,2,1,1,0,53.3%,13.3%,26.7%,12,2022-05-26
sa828682-AAA,Forrest Wall,SEA,26,AAA,33,0.183,27.3%,0.1,6.1%,0.67,0.381,0.267,0.303,0.367,3,0,3,0,28.6%,57.1%,14.3%,12,2022-05-26
sa3002836-AAA,Evan Mendoza,STL,26,AAA,31,0.0,12.9%,0.0,22.6%,0.669,0.3,0.25,0.419,0.25,0,0,4,0,30.0%,40.0%,30.0%,12,2022-05-26
sa917141-AAA,Kelvin Melean,SDP,23,AAA,15,0.156,26.7%,0.083,13.3%,0.667,0.3,0.25,0.333,0.333,1,0,0,0,20.0%,50.0%,40.0%,12,2022-05-26
21538-AAA,Nick Fortes,MIA,25,AAA,25,0.658,4.0%,0.053,20.0%,0.663,0.222,0.211,0.4,0.263,1,0,0,0,22.2%,50.0%,27.8%,12,2022-05-26
sa828886-AAA,Jermaine Palacios,MIN,25,AAA,41,0.315,29.3%,0.184,7.3%,0.663,0.25,0.211,0.268,0.395,3,2,2,0,37.5%,54.2%,8.3%,12,2022-05-26
sa1115890-AAA,Dominic Canzone,ARI,24,AAA,40,0.397,17.5%,0.139,7.5%,0.661,0.25,0.222,0.3,0.361,3,1,2,1,14.3%,60.7%,28.6%,12,2022-05-26
15878-AAA,Miguel Andujar,NYY,27,AAA,28,0.778,7.1%,0.111,3.6%,0.656,0.25,0.259,0.286,0.37,1,1,1,0,25.0%,54.2%,20.8%,12,2022-05-26
15189-AAA,Dustin Peterson,PHI,27,AAA,109,0.219,29.4%,0.129,4.6%,0.651,0.319,0.238,0.284,0.366,8,2,2,1,36.2%,47.8%,15.9%,12,2022-05-26
15189-AAA,Dustin Peterson,MIL,27,AAA,109,0.219,29.4%,0.129,4.6%,0.651,0.319,0.238,0.284,0.366,8,2,2,1,36.2%,47.8%,15.9%,12,2022-05-26
sa829667-AAA,Mike Rivera,CLE,26,AAA,10,0.0,50.0%,0.0,20.0%,0.65,0.667,0.25,0.4,0.25,0,0,0,0,33.3%,0.0%,66.7%,12,2022-05-26
18027-AAA,Hoy Park,PIT,26,AAA,33,0.084,21.2%,0.036,15.2%,0.649,0.333,0.25,0.364,0.286,1,0,1,0,19.0%,71.4%,14.3%,12,2022-05-26
sa828685-AAA,Jake Gatewood,LAA,26,AAA,25,0.066,36.0%,0.048,16.0%,0.646,0.417,0.238,0.36,0.286,1,0,0,1,50.0%,16.7%,33.3%,12,2022-05-26
sa915708-AAA,Dane Myers,DET,26,AAA,29,0.119,31.0%,0.074,0.0%,0.644,0.389,0.259,0.31,0.333,2,0,0,1,38.9%,50.0%,11.1%,12,2022-05-26
19768-AAA,Rylan Bannon,BAL,26,AAA,24,0.19,45.8%,0.174,4.2%,0.641,0.417,0.217,0.25,0.391,3,0,0,0,25.0%,50.0%,25.0%,12,2022-05-26
15808-AAA,Jose Godoy,MIN,27,AAA,15,0.192,20.0%,0.077,13.3%,0.641,0.3,0.231,0.333,0.308,1,0,0,0,20.0%,60.0%,20.0%,12,2022-05-26
sa917932-AAA,Blake Rutherford,CHW,25,AAA,35,0.257,28.6%,0.147,2.9%,0.639,0.304,0.235,0.257,0.382,3,1,0,0,26.1%,52.2%,21.7%,12,2022-05-26
sa875215-AAA,Nathan Lukes,TOR,27,AAA,36,0.273,16.7%,0.091,8.3%,0.639,0.296,0.242,0.306,0.333,3,0,1,0,44.4%,44.4%,14.8%,12,2022-05-26
18365-AAA,Lewin Diaz,MIA,25,AAA,38,0.543,18.4%,0.2,2.6%,0.637,0.179,0.2,0.237,0.4,3,2,0,0,53.6%,28.6%,14.3%,12,2022-05-26
sa3004128-AAA,Laz Rivera,CHW,27,AAA,11,inf,0.0%,0.091,0.0%,0.636,0.273,0.273,0.273,0.364,1,0,0,0,27.3%,54.5%,18.2%,12,2022-05-26
sa872850-AAA,Lorenzo Cedrola,CIN,24,AAA,29,0.863,10.3%,0.179,0.0%,0.634,0.208,0.214,0.241,0.393,2,1,0,2,41.7%,37.5%,20.8%,12,2022-05-26
20165-AAA,J.J. Matijevic,HOU,26,AAA,21,0.0,14.3%,0.0,4.8%,0.633,0.353,0.3,0.333,0.3,0,0,1,0,23.5%,52.9%,23.5%,12,2022-05-26
11472-AAA,Dixon Machado,CHC,30,AAA,41,0.0,12.2%,0.0,17.1%,0.633,0.286,0.242,0.39,0.242,0,0,0,0,35.7%,46.4%,21.4%,12,2022-05-26
sa3010332-AAA,Braden Shewmake,ATL,24,AAA,29,0.29,20.7%,0.12,13.8%,0.63,0.263,0.2,0.31,0.32,2,0,0,0,73.7%,15.8%,15.8%,12,2022-05-26
sa918444-AAA,Evan Alexander,NYY,24,AAA,14,0.212,21.4%,0.091,21.4%,0.63,0.25,0.182,0.357,0.273,1,0,1,0,0.0%,75.0%,25.0%,12,2022-05-26
sa3014819-AAA,Norel Gonzalez,MIA,28,AAA,23,0.807,13.0%,0.211,13.0%,0.629,0.118,0.158,0.261,0.368,2,1,0,0,58.8%,35.3%,5.9%,12,2022-05-26
17276-AAA,Alex Jackson,MIL,26,AAA,19,0.396,15.8%,0.125,10.5%,0.628,0.231,0.188,0.316,0.312,2,0,1,0,46.2%,46.2%,7.7%,12,2022-05-26
17276-AAA,Alex Jackson,MIA,26,AAA,19,0.396,15.8%,0.125,10.5%,0.628,0.231,0.188,0.316,0.312,2,0,1,0,46.2%,46.2%,7.7%,12,2022-05-26
12719-AAA,Dillon Thomas,LAA,29,AAA,42,0.095,31.0%,0.059,11.9%,0.622,0.333,0.206,0.357,0.265,2,0,0,0,33.3%,38.1%,28.6%,12,2022-05-26
19968-AAA,Jared Oliva,PIT,26,AAA,21,0.875,9.5%,0.167,14.3%,0.619,0.133,0.167,0.286,0.333,1,1,2,0,53.3%,46.7%,6.7%,12,2022-05-26
14593-AAA,David Bote,CHC,29,AAA,22,0.137,18.2%,0.05,9.1%,0.618,0.312,0.25,0.318,0.3,1,0,1,0,37.5%,56.2%,6.2%,12,2022-05-26
sa922180-AAA,Alfredo Rodriguez,WSN,28,AAA,13,0.25,30.8%,0.154,0.0%,0.615,0.333,0.231,0.231,0.385,2,0,0,0,44.4%,33.3%,22.2%,12,2022-05-26
20543-AAA,Elehuris Montero,COL,23,AAA,40,0.156,27.5%,0.086,7.5%,0.614,0.28,0.229,0.3,0.314,1,1,0,0,36.0%,32.0%,28.0%,12,2022-05-26
16429-AAA,Jason Martin,LAD,26,AAA,23,0.23,43.5%,0.2,13.0%,0.611,0.222,0.15,0.261,0.35,2,1,0,0,55.6%,22.2%,0.0%,12,2022-05-26
sa829857-AAA,Bryson Brigman,MIA,27,AAA,30,0.192,20.0%,0.077,10.0%,0.608,0.273,0.231,0.3,0.308,2,0,0,1,40.9%,50.0%,4.5%,12,2022-05-26
16291-AAA,Nick Ciuffo,CHW,27,AAA,12,0.0,33.3%,0.0,8.3%,0.606,0.429,0.273,0.333,0.273,0,0,0,0,28.6%,42.9%,28.6%,12,2022-05-26
13744-AAA,David Dahl,MIL,28,AAA,32,0.099,18.8%,0.037,15.6%,0.603,0.286,0.222,0.344,0.259,1,0,0,0,33.3%,47.6%,19.0%,12,2022-05-26
21386-AAA,Michael Papierski,SFG,26,AAA,108,0.4,8.3%,0.067,13.0%,0.602,0.214,0.211,0.324,0.278,4,1,0,0,34.5%,44.0%,20.2%,12,2022-05-26
21386-AAA,Michael Papierski,HOU,26,AAA,108,0.4,8.3%,0.067,13.0%,0.602,0.214,0.211,0.324,0.278,4,1,0,0,34.5%,44.0%,20.2%,12,2022-05-26
16098-AAA,Taylor Gushue,WSN,28,AAA,26,0.093,26.9%,0.05,19.2%,0.596,0.267,0.2,0.346,0.25,1,0,0,0,46.7%,33.3%,13.3%,12,2022-05-26
19562-AAA,Zack Short,DET,27,AAA,44,0.131,31.8%,0.083,15.9%,0.596,0.292,0.194,0.318,0.278,3,0,2,0,58.3%,29.2%,16.7%,12,2022-05-26
20391-AAA,Luis Garcia,WSN,22,AAA,33,0.266,18.2%,0.097,6.1%,0.595,0.25,0.226,0.273,0.323,1,1,0,0,20.8%,62.5%,16.7%,12,2022-05-26
sa3003305-AAA,Oswald Peraza,NYY,22,AAA,35,0.177,34.3%,0.121,5.7%,0.59,0.3,0.212,0.257,0.333,2,1,1,0,55.0%,35.0%,10.0%,12,2022-05-26
14973-AAA,Zach Green,SEA,28,AAA,34,0.274,29.4%,0.161,5.9%,0.59,0.227,0.194,0.235,0.355,3,1,0,0,31.8%,45.5%,22.7%,12,2022-05-26
sa3004378-AAA,Drew Waters,ATL,23,AAA,23,0.078,30.4%,0.048,4.3%,0.59,0.357,0.238,0.304,0.286,1,0,0,0,28.6%,50.0%,21.4%,12,2022-05-26
sa738961-AAA,Caleb Hamilton,MIN,27,AAA,24,0.0,16.7%,0.0,20.8%,0.586,0.267,0.211,0.375,0.211,0,0,0,0,33.3%,60.0%,6.7%,12,2022-05-26
16446-AAA,Johneshwy Fargas,NYM,27,AAA,32,0.533,15.6%,0.167,3.1%,0.585,0.192,0.2,0.219,0.367,3,1,2,0,42.3%,34.6%,23.1%,12,2022-05-26
sa915838-AAA,Cole Freeman,WSN,27,AAA,12,1.5,8.3%,0.25,0.0%,0.583,0.1,0.167,0.167,0.417,1,1,0,0,20.0%,70.0%,10.0%,12,2022-05-26
sa709546-AAA,Cole Sturgeon,MIN,30,AAA,22,0.0,22.7%,0.0,4.5%,0.581,0.357,0.263,0.318,0.263,0,0,0,0,50.0%,50.0%,0.0%,12,2022-05-26
sa829030-AAA,Roy Morales,MIN,27,AAA,20,0.139,20.0%,0.056,10.0%,0.578,0.286,0.222,0.3,0.278,1,0,2,0,7.1%,64.3%,28.6%,12,2022-05-26
14897-AAA,Daniel Palka,NYM,30,AAA,36,0.318,27.8%,0.176,5.6%,0.575,0.182,0.176,0.222,0.353,2,2,0,0,36.4%,50.0%,13.6%,12,2022-05-26
sa3008306-AAA,Steele Walker,TEX,25,AAA,28,0.117,17.9%,0.042,7.1%,0.571,0.263,0.208,0.321,0.25,1,0,0,3,47.4%,21.1%,31.6%,12,2022-05-26
17423-AAA,Yermin Mercedes,CHW,29,AAA,27,0.23,29.6%,0.136,18.5%,0.569,0.154,0.136,0.296,0.273,1,1,0,0,69.2%,7.7%,23.1%,12,2022-05-26
20275-AAA,Jonathan Arauz,BOS,23,AAA,37,0.214,18.9%,0.081,0.0%,0.568,0.3,0.243,0.243,0.324,3,0,1,0,33.3%,53.3%,16.7%,12,2022-05-26
18395-AAA,Travis Blankenhorn,NYM,25,AAA,27,0.13,29.6%,0.077,3.7%,0.567,0.333,0.231,0.259,0.308,2,0,0,0,38.9%,50.0%,11.1%,12,2022-05-26
sa737824-AAA,Jamie Westbrook,DET,27,AAA,42,0.0,9.5%,0.0,19.0%,0.563,0.233,0.206,0.357,0.206,0,0,0,0,33.3%,53.3%,10.0%,12,2022-05-26
sa737824-AAA,Jamie Westbrook,MIL,27,AAA,42,0.0,9.5%,0.0,19.0%,0.563,0.233,0.206,0.357,0.206,0,0,0,0,33.3%,53.3%,10.0%,12,2022-05-26
sa873990-AAA,Vince Fernandez,OAK,26,AAA,16,0.071,43.8%,0.062,0.0%,0.562,0.444,0.25,0.25,0.312,1,0,0,0,33.3%,33.3%,33.3%,12,2022-05-26
sa659077-AAA,Zach Remillard,CHW,28,AAA,23,0.345,21.7%,0.15,13.0%,0.561,0.143,0.15,0.261,0.3,1,1,0,0,35.7%,57.1%,14.3%,12,2022-05-26
sa875808-AAA,Jonathan Morales,COL,27,AAA,19,0.14,21.1%,0.059,5.3%,0.557,0.267,0.235,0.263,0.294,1,0,0,0,40.0%,20.0%,40.0%,12,2022-05-26
sa3002758-AAA,Mason McCoy,SEA,27,AAA,34,0.41,29.4%,0.241,5.9%,0.556,0.095,0.138,0.176,0.379,3,2,1,0,42.9%,42.9%,14.3%,12,2022-05-26
sa918173-AAA,Freddy Fermin,KCR,27,AAA,28,0.108,17.9%,0.038,7.1%,0.555,0.286,0.231,0.286,0.269,1,0,0,0,66.7%,14.3%,19.0%,12,2022-05-26
sa3011642-AAA,JJ Bleday,MIA,24,AAA,34,0.18,41.2%,0.148,20.6%,0.553,0.167,0.111,0.294,0.259,2,1,0,0,66.7%,25.0%,8.3%,12,2022-05-26
sa873960-AAA,Ryan Noda,LAD,26,AAA,29,0.072,27.6%,0.04,10.3%,0.55,0.294,0.2,0.31,0.24,1,0,2,0,29.4%,47.1%,23.5%,12,2022-05-26
18690-AAA,Nick Plummer,NYM,25,AAA,14,0.875,14.3%,0.25,14.3%,0.548,0.0,0.083,0.214,0.333,1,1,0,0,55.6%,22.2%,0.0%,12,2022-05-26
sa3007044-AAA,Greyson Jenista,ATL,25,AAA,23,0.137,34.8%,0.095,8.7%,0.547,0.308,0.19,0.261,0.286,2,0,0,1,7.7%,53.8%,38.5%,12,2022-05-26
14388-AAA,Ronald Guzman,NYY,27,AAA,28,0.074,50.0%,0.074,0.0%,0.546,0.462,0.222,0.25,0.296,2,0,0,0,30.8%,30.8%,38.5%,12,2022-05-26
20056-AAA,Alan Trejo,COL,26,AAA,33,0.333,27.3%,0.182,0.0%,0.545,0.217,0.182,0.182,0.364,3,1,0,0,39.1%,39.1%,17.4%,12,2022-05-26
sa735866-AAA,Jhonny Pereda,SFG,26,AAA,14,,0.0%,0.0,21.4%,0.539,0.182,0.182,0.357,0.182,0,0,0,0,45.5%,54.5%,0.0%,12,2022-05-26
sa738521-AAA,Charles Leblanc,MIA,26,AAA,34,0.037,41.2%,0.03,2.9%,0.537,0.421,0.242,0.265,0.273,1,0,1,0,52.6%,26.3%,21.1%,12,2022-05-26
sa737824-AAA,Jamie Westbrook,DET,27,AAA,90,0.278,20.0%,0.111,16.7%,0.536,0.118,0.125,0.3,0.236,2,3,0,1,35.3%,54.9%,9.8%,12,2022-05-26
sa737824-AAA,Jamie Westbrook,MIL,27,AAA,90,0.278,20.0%,0.111,16.7%,0.536,0.118,0.125,0.3,0.236,2,3,0,1,35.3%,54.9%,9.8%,12,2022-05-26
17806-AAA,Braden Bishop,ARI,28,AAA,33,0.296,27.3%,0.161,6.1%,0.535,0.19,0.161,0.212,0.323,3,1,2,0,28.6%,47.6%,23.8%,12,2022-05-26
sa3006937-AAA,Drew Avans,LAD,26,AAA,12,0.0,41.7%,0.0,16.7%,0.533,0.4,0.2,0.333,0.2,0,0,3,0,0.0%,60.0%,40.0%,12,2022-05-26
sa3007069-AAA,Greg Cullen,BAL,25,AAA,12,0.327,41.7%,0.273,0.0%,0.53,0.0,0.091,0.167,0.364,1,1,0,0,60.0%,40.0%,0.0%,12,2022-05-26
24765-AAA,Bryan Lavastida,CLE,23,AAA,25,0.312,24.0%,0.15,20.0%,0.53,0.077,0.1,0.28,0.25,1,1,1,0,15.4%,76.9%,7.7%,12,2022-05-26
19977-AAA,Tres Barrera,WSN,27,AAA,23,0.128,21.7%,0.056,17.4%,0.527,0.231,0.167,0.304,0.222,1,0,0,0,38.5%,38.5%,15.4%,12,2022-05-26
sa3004753-AAA,Bryce Johnson,SFG,26,AAA,19,0.0,36.8%,0.0,0.0%,0.526,0.417,0.263,0.263,0.263,0,0,1,1,41.7%,33.3%,25.0%,12,2022-05-26
16686-AAA,Jason Vosler,SFG,28,AAA,32,0.166,31.2%,0.103,9.4%,0.526,0.222,0.172,0.25,0.276,1,1,0,0,44.4%,38.9%,11.1%,12,2022-05-26
sa875231-AAA,Gabriel Cancel,KCR,25,AAA,48,0.193,35.4%,0.136,6.2%,0.525,0.231,0.159,0.229,0.295,4,1,1,0,50.0%,30.8%,23.1%,12,2022-05-26
17642-AAA,JT Riddle,CIN,30,AAA,24,0.182,25.0%,0.091,8.3%,0.523,0.25,0.182,0.25,0.273,1,0,0,0,25.0%,62.5%,12.5%,12,2022-05-26
sa917339-AAA,Jose Fermin,CLE,23,AAA,22,0.137,18.2%,0.05,4.5%,0.523,0.25,0.2,0.273,0.25,1,0,2,0,43.8%,37.5%,25.0%,12,2022-05-26
sa1170619-AAA,Josh Bissonette,PIT,25,AAA,17,0.0,23.5%,0.0,23.5%,0.52,0.25,0.167,0.353,0.167,0,0,1,0,12.5%,75.0%,12.5%,12,2022-05-26
sa915654-AAA,Donovan Casey,WSN,26,AAA,27,0.256,40.7%,0.208,7.4%,0.519,0.167,0.125,0.185,0.333,2,1,1,1,25.0%,41.7%,33.3%,12,2022-05-26
13472-AAA,Christian Lopes,OAK,29,AAA,40,0.202,15.0%,0.061,10.0%,0.517,0.194,0.182,0.275,0.242,2,0,1,0,51.6%,29.0%,22.6%,12,2022-05-26
sa3010389-AAA,Nelson Maldonado,CHC,25,AAA,37,0.224,13.5%,0.061,10.8%,0.513,0.214,0.182,0.27,0.242,2,0,1,0,28.6%,42.9%,28.6%,12,2022-05-26
sa3008294-AAA,Brice Turang,MIL,22,AAA,44,0.052,22.7%,0.024,2.3%,0.512,0.294,0.238,0.25,0.262,1,0,2,0,23.5%,55.9%,17.6%,12,2022-05-26
17975-AAA,Scott Kingery,PHI,28,AAA,30,0.235,36.7%,0.172,0.0%,0.511,0.211,0.172,0.167,0.345,2,1,1,0,63.2%,21.1%,15.8%,12,2022-05-26
15983-AAA,Clint Frazier,CHC,27,AAA,27,0.281,14.8%,0.083,11.1%,0.509,0.2,0.167,0.259,0.25,2,0,0,0,40.0%,50.0%,10.0%,12,2022-05-26
sa3004615-AAA,Jeter Downs,BOS,23,AAA,25,0.071,32.0%,0.045,12.0%,0.507,0.286,0.182,0.28,0.227,1,0,2,0,50.0%,21.4%,28.6%,12,2022-05-26
21794-AAA,Sherten Apostel,TEX,23,AAA,17,0.0,17.6%,0.0,23.5%,0.507,0.2,0.154,0.353,0.154,0,0,0,0,20.0%,60.0%,20.0%,12,2022-05-26
sa3005129-AAA,Nelson Velazquez,CHC,23,AAA,40,0.196,42.5%,0.167,5.0%,0.506,0.158,0.139,0.2,0.306,2,2,2,0,31.6%,47.4%,26.3%,12,2022-05-26
17023-AAA,Magneuris Sierra,LAA,26,AAA,27,0.0,11.1%,0.0,11.1%,0.505,0.238,0.208,0.296,0.208,0,0,4,0,19.0%,61.9%,19.0%,12,2022-05-26
sa917140-AAA,Eguy Rosario,SDP,22,AAA,39,0.105,15.4%,0.032,17.9%,0.501,0.2,0.161,0.308,0.194,1,0,1,1,24.0%,64.0%,8.0%,12,2022-05-26
19354-AAA,Luke Raley,TBR,27,AAA,15,0.0,26.7%,0.0,20.0%,0.5,0.167,0.1,0.4,0.1,0,0,0,0,33.3%,66.7%,0.0%,12,2022-05-26
sa873268-AAA,Trenton Brooks,CLE,26,AAA,16,0.0,18.8%,0.0,0.0%,0.5,0.308,0.25,0.25,0.25,0,0,0,0,38.5%,46.2%,7.7%,12,2022-05-26
sa857232-AAA,Brett Sullivan,SDP,28,AAA,23,0.274,8.7%,0.048,8.7%,0.499,0.211,0.19,0.261,0.238,1,0,0,0,47.4%,21.1%,31.6%,12,2022-05-26
20501-AAA,Scott Hurst,STL,26,AAA,19,0.093,31.6%,0.059,10.5%,0.498,0.273,0.176,0.263,0.235,1,0,1,0,18.2%,63.6%,9.1%,12,2022-05-26
sa738507-AAA,Edgar Cabral,PHI,26,AAA,13,0.0,23.1%,0.0,15.4%,0.49,0.25,0.182,0.308,0.182,0,0,0,0,62.5%,37.5%,0.0%,12,2022-05-26
sa747574-AAA,Johan Mieses,BOS,26,AAA,11,0.0,45.5%,0.0,18.2%,0.489,0.333,0.125,0.364,0.125,0,0,0,0,33.3%,66.7%,0.0%,12,2022-05-26
sa916844-AAA,Ricardo Genoves,SFG,23,AAA,22,0.0,18.2%,0.0,9.1%,0.483,0.235,0.211,0.273,0.211,0,0,0,0,29.4%,58.8%,17.6%,12,2022-05-26
sa3005233-AAA,LJ Hatch,COL,28,AAA,13,0.108,38.5%,0.083,7.7%,0.481,0.286,0.167,0.231,0.25,1,0,0,0,28.6%,42.9%,28.6%,12,2022-05-26
22515-AAA,Heliot Ramos,SFG,22,AAA,41,0.188,34.1%,0.128,2.4%,0.477,0.208,0.154,0.195,0.282,3,1,1,1,25.0%,62.5%,12.5%,12,2022-05-26
15194-AAA,Jake Bauers,CIN,26,AAA,34,0.213,32.4%,0.138,14.7%,0.477,0.118,0.103,0.235,0.241,2,1,0,0,35.3%,52.9%,11.8%,12,2022-05-26
18551-AAA,Ali Sanchez,STL,25,AAA,27,0.08,25.9%,0.042,11.1%,0.468,0.235,0.167,0.259,0.208,1,0,1,0,29.4%,52.9%,17.6%,12,2022-05-26
18900-AAA,Leody Taveras,TEX,23,AAA,43,0.158,16.3%,0.051,7.0%,0.463,0.206,0.179,0.233,0.231,2,0,1,1,38.2%,35.3%,29.4%,12,2022-05-26
25768-AAA,C.J. Abrams,SDP,21,AAA,45,0.046,26.7%,0.024,6.7%,0.44,0.241,0.171,0.244,0.195,1,0,2,2,31.0%,51.7%,17.2%,12,2022-05-26
11470-AAA,Tony Wolters,LAD,30,AAA,17,0.0,29.4%,0.0,17.6%,0.437,0.222,0.143,0.294,0.143,0,0,0,0,22.2%,77.8%,0.0%,12,2022-05-26
sa658811-AAA,Josh Lester,DET,27,AAA,38,0.045,31.6%,0.029,5.3%,0.437,0.261,0.171,0.237,0.2,1,0,0,1,47.8%,43.5%,17.4%,12,2022-05-26
sa3010329-AAA,Shea Langeliers,OAK,24,AAA,39,0.125,33.3%,0.083,5.1%,0.427,0.217,0.139,0.205,0.222,3,0,0,0,52.2%,43.5%,4.3%,12,2022-05-26
sa3008003-AAA,Alex McKenna,HOU,24,AAA,39,0.042,33.3%,0.028,7.7%,0.425,0.261,0.167,0.231,0.194,1,0,1,1,21.7%,65.2%,8.7%,12,2022-05-26
sa829837-AAA,Scott Manea,HOU,26,AAA,30,0.0,33.3%,0.0,20.0%,0.425,0.214,0.125,0.3,0.125,0,0,0,0,21.4%,42.9%,35.7%,12,2022-05-26
sa3004937-AAA,Jared Young,CHC,26,AAA,33,0.111,27.3%,0.061,0.0%,0.424,0.25,0.182,0.182,0.242,1,0,1,0,16.7%,54.2%,29.2%,12,2022-05-26
15608-AAA,Willians Astudillo,MIA,30,AAA,24,0.0,4.2%,0.0,0.0%,0.417,0.217,0.208,0.208,0.208,0,0,0,0,60.9%,43.5%,4.3%,12,2022-05-26
15722-AAA,Allen Cordoba,CIN,26,AAA,18,0.562,16.7%,0.188,11.1%,0.417,0.0,0.062,0.167,0.25,1,1,0,1,33.3%,33.3%,33.3%,12,2022-05-26
20122-AAA,Mark Contreras,MIN,27,AAA,35,0.042,37.1%,0.031,5.7%,0.416,0.263,0.156,0.229,0.188,1,0,0,1,36.8%,57.9%,10.5%,12,2022-05-26
23559-AAA,Ryan Dorow,TEX,26,AAA,25,0.0,28.0%,0.0,4.0%,0.414,0.25,0.174,0.24,0.174,0,0,0,0,43.8%,43.8%,12.5%,12,2022-05-26
19528-AAA,Jacob Robson,DET,27,AAA,33,0.11,30.3%,0.067,9.1%,0.412,0.2,0.133,0.212,0.2,2,0,1,0,15.0%,75.0%,10.0%,12,2022-05-26
15519-AAA,Franklin Barreto,HOU,26,AAA,32,0.168,34.4%,0.115,15.6%,0.411,0.062,0.077,0.219,0.192,1,1,2,1,31.2%,43.8%,25.0%,12,2022-05-26
22277-AAA,Nick Allen,OAK,23,AAA,23,0.11,21.7%,0.048,8.7%,0.408,0.188,0.143,0.217,0.19,1,0,2,0,25.0%,25.0%,50.0%,12,2022-05-26
sa3014888-AAA,Dylan Harris,BAL,25,AAA,34,0.137,47.1%,0.129,8.8%,0.402,0.143,0.097,0.176,0.226,2,1,1,0,28.6%,57.1%,14.3%,12,2022-05-26
sa1115884-AAA,Carter Bins,PIT,23,AAA,19,0.0,26.3%,0.0,10.5%,0.388,0.182,0.125,0.263,0.125,0,0,0,0,18.2%,63.6%,27.3%,12,2022-05-26
sa3004157-AAA,Cody Bohanek,NYM,26,AAA,27,0.0,22.2%,0.0,7.4%,0.382,0.211,0.16,0.222,0.16,0,0,1,0,42.1%,47.4%,10.5%,12,2022-05-26
19552-AAA,Jaylin Davis,BOS,27,AAA,17,0.0,23.5%,0.0,17.6%,0.371,0.111,0.077,0.294,0.077,0,0,0,0,55.6%,22.2%,11.1%,12,2022-05-26
19552-AAA,Jaylin Davis,SFG,27,AAA,17,0.0,23.5%,0.0,17.6%,0.371,0.111,0.077,0.294,0.077,0,0,0,0,55.6%,22.2%,11.1%,12,2022-05-26
20078-AAA,Evan White,SEA,26,AAA,17,0.0,35.3%,0.0,11.8%,0.369,0.222,0.133,0.235,0.133,0,0,0,0,33.3%,44.4%,22.2%,12,2022-05-26
17278-AAA,Bobby Bradley,CLE,26,AAA,36,0.083,38.9%,0.065,8.3%,0.356,0.158,0.097,0.194,0.161,2,0,0,1,42.1%,36.8%,15.8%,12,2022-05-26
15697-AAA,Gosuke Katoh,TOR,27,AAA,15,0.0,40.0%,0.0,20.0%,0.35,0.167,0.083,0.267,0.083,0,0,1,0,50.0%,0.0%,50.0%,12,2022-05-26
15697-AAA,Gosuke Katoh,NYM,27,AAA,15,0.0,40.0%,0.0,20.0%,0.35,0.167,0.083,0.267,0.083,0,0,1,0,50.0%,0.0%,50.0%,12,2022-05-26
18136-AAA,Ka'ai Tom,SFG,28,AAA,21,0.079,33.3%,0.053,4.8%,0.348,0.167,0.105,0.19,0.158,1,0,2,0,41.7%,33.3%,25.0%,12,2022-05-26
16885-AAA,Joshua Fuentes,TOR,29,AAA,23,0.0,30.4%,0.0,0.0%,0.348,0.25,0.174,0.174,0.174,0,0,0,0,31.2%,62.5%,6.2%,12,2022-05-26
sa872782-AAA,Oscar Gonzalez,CLE,24,AAA,36,0.088,16.7%,0.029,2.8%,0.343,0.167,0.147,0.167,0.176,1,0,0,0,33.3%,50.0%,13.3%,12,2022-05-26
16192-AAA,Derek Fisher,MIN,28,AAA,13,0.077,53.8%,0.083,7.7%,0.321,0.2,0.083,0.154,0.167,1,0,0,0,0.0%,40.0%,60.0%,12,2022-05-26
sa3008267-AAA,Luken Baker,STL,25,AAA,42,0.0,31.0%,0.0,7.1%,0.319,0.192,0.128,0.19,0.128,0,0,0,0,34.6%,50.0%,19.2%,12,2022-05-26
15055-AAA,Dom Nunez,COL,27,AAA,33,0.0,24.2%,0.0,12.1%,0.316,0.143,0.103,0.212,0.103,0,0,0,0,33.3%,47.6%,19.0%,12,2022-05-26
13663-AAA,Jack Lopez,DET,29,AAA,24,0.0,37.5%,0.0,4.2%,0.303,0.231,0.136,0.167,0.136,0,0,2,0,38.5%,53.8%,0.0%,12,2022-05-26
15982-AAA,Ryder Jones,CHW,28,AAA,17,0.0,52.9%,0.0,5.9%,0.301,0.286,0.125,0.176,0.125,0,0,0,0,42.9%,14.3%,42.9%,12,2022-05-26
17326-AAA,Cole Tucker,PIT,25,AAA,28,0.0,28.6%,0.0,14.3%,0.298,0.125,0.083,0.214,0.083,0,0,0,0,37.5%,56.2%,6.2%,12,2022-05-26
sa877497-AAA,Arquimedes Gamboa,SFG,24,AAA,21,0.0,38.1%,0.0,14.3%,0.297,0.111,0.059,0.238,0.059,0,0,0,0,22.2%,55.6%,22.2%,12,2022-05-26
sa857840-AAA,Kyle Holder,COL,28,AAA,11,0.0,27.3%,0.0,9.1%,0.293,0.125,0.111,0.182,0.111,0,0,0,0,37.5%,62.5%,0.0%,12,2022-05-26
19818-AAA,Josh Palacios,WSN,26,AAA,26,0.0,15.4%,0.0,11.5%,0.288,0.105,0.095,0.192,0.095,0,0,0,0,36.8%,52.6%,21.1%,12,2022-05-26
19818-AAA,Josh Palacios,TOR,26,AAA,26,0.0,15.4%,0.0,11.5%,0.288,0.105,0.095,0.192,0.095,0,0,0,0,36.8%,52.6%,21.1%,12,2022-05-26
sa3007505-AAA,Ruben Cardenas,TBR,24,AAA,21,0.111,42.9%,0.095,0.0%,0.286,0.167,0.095,0.095,0.19,1,0,0,0,83.3%,25.0%,0.0%,12,2022-05-26
14885-AAA,Pat Valaika,ATL,29,AAA,15,0.0,33.3%,0.0,13.3%,0.277,0.125,0.077,0.2,0.077,0,0,0,0,62.5%,37.5%,12.5%,12,2022-05-26
14329-AAA,Anthony Alford,PIT,27,AAA,22,0.0,50.0%,0.0,0.0%,0.273,0.273,0.136,0.136,0.136,0,0,0,0,27.3%,54.5%,18.2%,12,2022-05-26
14329-AAA,Anthony Alford,CLE,27,AAA,22,0.0,50.0%,0.0,0.0%,0.273,0.273,0.136,0.136,0.136,0,0,0,0,27.3%,54.5%,18.2%,12,2022-05-26
12950-AAA,Phillip Evans,NYY,29,AAA,27,0.077,25.9%,0.04,0.0%,0.268,0.111,0.08,0.148,0.12,1,0,0,0,33.3%,38.9%,27.8%,12,2022-05-26
sa3006720-AAA,Nick Podkul,TOR,25,AAA,19,0.0,31.6%,0.0,15.8%,0.263,0.0,0.0,0.263,0.0,0,0,0,0,28.6%,71.4%,0.0%,12,2022-05-26
sa3004053-AAA,Miguel Perez,SEA,21,AAA,12,0.0,66.7%,0.0,8.3%,0.258,0.333,0.091,0.167,0.091,0,0,0,0,33.3%,66.7%,66.7%,12,2022-05-26
sa875626-AAA,Max McDowell,NYY,28,AAA,21,0.083,28.6%,0.048,0.0%,0.238,0.133,0.095,0.095,0.143,1,0,0,0,53.3%,26.7%,20.0%,12,2022-05-26
sa3007629-AAA,Patrick Dorrian,BAL,26,AAA,18,0.0,27.8%,0.0,11.1%,0.229,0.091,0.062,0.167,0.062,0,0,0,0,36.4%,45.5%,18.2%,12,2022-05-26
sa3008107-AAA,Cesar Salazar,HOU,26,AAA,14,0.0,21.4%,0.0,7.1%,0.22,0.1,0.077,0.143,0.077,0,0,0,0,50.0%,30.0%,20.0%,12,2022-05-26
sa548175-AAA,Matt Lipka,WSN,30,AAA,10,0.0,20.0%,0.0,0.0%,0.2,0.125,0.1,0.1,0.1,0,0,1,0,25.0%,62.5%,12.5%,12,2022-05-26
21386-AAA,Michael Papierski,SFG,26,AAA,11,0.0,45.5%,0.0,0.0%,0.191,0.143,0.1,0.091,0.1,0,0,0,0,57.1%,57.1%,0.0%,12,2022-05-26
21386-AAA,Michael Papierski,HOU,26,AAA,11,0.0,45.5%,0.0,0.0%,0.191,0.143,0.1,0.091,0.1,0,0,0,0,57.1%,57.1%,0.0%,12,2022-05-26
20321-AAA,Stuart Fairchild,ARI,26,AAA,22,0.218,54.5%,0.238,9.1%,0.19,-0.25,-0.048,0.0,0.19,3,1,0,1,25.0%,75.0%,-12.5%,12,2022-05-26
20321-AAA,Stuart Fairchild,SEA,26,AAA,22,0.218,54.5%,0.238,9.1%,0.19,-0.25,-0.048,0.0,0.19,3,1,0,1,25.0%,75.0%,-12.5%,12,2022-05-26
20321-AAA,Stuart Fairchild,SFG,26,AAA,22,0.218,54.5%,0.238,9.1%,0.19,-0.25,-0.048,0.0,0.19,3,1,0,1,25.0%,75.0%,-12.5%,12,2022-05-26
sa3016952-AAA,Channy Ortiz,ARI,23,AAA,12,0.0,16.7%,0.0,0.0%,0.167,0.1,0.083,0.083,0.083,0,0,0,0,40.0%,30.0%,30.0%,12,2022-05-26
19293-AAA,Nick Senzel,CIN,27,AAA,12,0.0,25.0%,0.0,8.3%,0.167,0.0,0.0,0.167,0.0,0,0,0,0,28.6%,57.1%,14.3%,12,2022-05-26
sa738262-AAA,Ryan Boldt,TBR,27,AAA,12,0.0,50.0%,0.0,0.0%,0.167,0.167,0.083,0.083,0.083,0,0,0,0,33.3%,33.3%,33.3%,12,2022-05-26
sa3007826-AAA,Nick Meyer,NYM,25,AAA,19,0.0,26.3%,0.0,0.0%,0.161,0.077,0.056,0.105,0.056,0,0,0,1,23.1%,61.5%,15.4%,12,2022-05-26
16953-AAA,Chadwick Tromp,ATL,27,AAA,26,0.0,23.1%,0.0,0.0%,0.154,0.1,0.077,0.077,0.077,0,0,0,0,65.0%,30.0%,15.0%,12,2022-05-26
sa3008079-AAA,Carlos Cortes,NYM,25,AAA,14,0.0,42.9%,0.0,0.0%,0.143,0.125,0.071,0.071,0.071,0,0,0,0,50.0%,50.0%,0.0%,12,2022-05-26
sa829783-AAA,Quinn Brodey,NYM,26,AAA,14,0.0,35.7%,0.0,0.0%,0.0,0.0,0.0,0.0,0.0,0,0,0,0,33.3%,55.6%,11.1%,12,2022-05-26
16593-AAA,Kevin Padlo,SEA,25,AAA,23,-0.531,56.5%,-0.6,30.4%,-0.472,0.2,-0.133,0.261,-0.733,-3,-3,3,0,60.0%,40.0%,0.0%,12,2022-05-26
16593-AAA,Kevin Padlo,SFG,25,AAA,23,-0.531,56.5%,-0.6,30.4%,-0.472,0.2,-0.133,0.261,-0.733,-3,-3,3,0,60.0%,40.0%,0.0%,12,2022-05-26
