idlevelorg,Name,Org,Age,Level,PA,wRC+,K%,ISO,SwStr%,BB%,OPS,BABIP,AVG,OBP,SLG,HR/FB,HR,2B,3B,SB,CS,FB%,GB%,LD%,Date
sa872552-AA-MIL,Jason Lopez,MIL,24,AA,3,-100,0.333,0.0,0.2,0.0,0.0,0.0,0.0,0.0,0.0,0.0,0,0,0,0,0,1.0,0.0,0.0,2022-06-01
sa3006846-AA-SEA,David Sheaffer,SEA,27,AA,5,-2,0.2,0.0,0.1,0.0,0.4,0.25,0.2,0.2,0.2,0.0,0,0,0,0,0,0.5,0.5,0.0,2022-06-01
14773-AA-CLE,Yu Chang,CLE,26,AA,5,6,0.4,0.0,0.136,0.0,0.4,0.333,0.2,0.2,0.2,0.0,0,0,0,0,0,0.667,0.333,0.0,2022-06-01
15766-AA-CHW,Raudy Read,CHW,28,AA,117,130,0.231,0.198,0.132,0.154,0.872,0.333,0.281,0.393,0.479,0.227,5,4,0,0,0,0.324,0.515,0.162,2022-06-01
16404-AA-SDP,Domingo Leyba,SDP,26,AA,115,74,0.157,0.053,0.056,0.148,0.643,0.278,0.242,0.348,0.295,0.036,1,2,0,0,0,0.359,0.372,0.269,2022-06-01
16446-AA-NYM,Johneshwy Fargas,NYM,27,AA,87,90,0.218,0.149,0.115,0.092,0.679,0.245,0.216,0.314,0.365,0.107,3,2,0,11,0,0.509,0.327,0.164,2022-06-01
19553-AA-PHI,Simon Muzziotti,PHI,23,AA,27,105,0.259,0.167,0.095,0.111,0.75,0.353,0.25,0.333,0.417,0.0,0,0,2,0,0,0.412,0.529,0.059,2022-06-01
19938-AA-LAA,Aaron Whitefield,LAA,25,AA,150,134,0.24,0.194,0.128,0.147,0.887,0.369,0.29,0.403,0.484,0.147,5,5,2,17,2,0.4,0.365,0.235,2022-06-01
20040-AA-SDP,Jorge Ona,SDP,25,AA,134,59,0.321,0.147,0.155,0.09,0.613,0.246,0.181,0.286,0.328,0.133,4,5,0,0,0,0.417,0.375,0.208,2022-06-01
22871-AA-PIT,Tucupita Marcano,PIT,22,AA,113,147,0.212,0.183,0.089,0.15,0.905,0.391,0.312,0.411,0.495,0.074,2,7,2,2,2,0.386,0.386,0.229,2022-06-01
23359-AA-CHC,Nelson Velazquez,CHC,23,AA,94,172,0.351,0.412,0.174,0.149,1.094,0.368,0.288,0.394,0.7,0.346,9,4,1,5,2,0.553,0.191,0.255,2022-06-01
25931-AA-ATL,Michael Harris II,ATL,21,AA,196,128,0.199,0.201,0.116,0.087,0.878,0.364,0.305,0.372,0.506,0.1,5,16,2,11,3,0.37,0.459,0.17,2022-06-01
26288-AA-BAL,Adley Rutschman,BAL,24,AA,14,201,0.071,0.167,0.058,0.143,1.083,0.455,0.417,0.5,0.583,0.0,0,2,0,0,0,0.182,0.364,0.455,2022-06-01
sa1115496-AA-TOR,Spencer Horwitz,TOR,24,AA,163,108,0.227,0.159,0.111,0.129,0.748,0.296,0.239,0.35,0.399,0.125,4,8,1,3,0,0.323,0.505,0.172,2022-06-01
sa1115778-AA-ARI,Dominic Fletcher,ARI,24,AA,142,150,0.176,0.244,0.094,0.092,0.999,0.385,0.346,0.408,0.591,0.226,7,6,2,4,2,0.304,0.363,0.333,2022-06-01
sa1115804-AA-OAK,Shane Selman,OAK,25,AA,120,74,0.342,0.213,0.152,0.083,0.709,0.274,0.213,0.283,0.426,0.2,6,5,0,0,0,0.455,0.303,0.242,2022-06-01
sa1115910-AA-KCR,Michael Massey,KCR,24,AA,202,130,0.193,0.213,0.104,0.084,0.937,0.38,0.337,0.386,0.551,0.123,8,14,0,7,1,0.464,0.321,0.214,2022-06-01
sa1115979-AA-MIL,Nick Kahle,MIL,24,AA,15,76,0.333,0.077,0.179,0.133,0.641,0.375,0.231,0.333,0.308,0.0,0,1,0,0,0,0.375,0.5,0.125,2022-06-01
sa1159677-AA-OAK,Kyle McCann,OAK,24,AA,133,121,0.248,0.187,0.149,0.165,0.847,0.338,0.262,0.398,0.449,0.182,4,8,0,0,0,0.297,0.5,0.203,2022-06-01
sa1159899-AA-CIN,Quincy McAfee,CIN,24,AA,156,96,0.244,0.155,0.103,0.109,0.726,0.281,0.225,0.346,0.38,0.098,4,6,1,0,2,0.451,0.341,0.209,2022-06-01
sa1169627-AA-CIN,Ivan Johnson,CIN,23,AA,25,124,0.2,0.227,0.172,0.12,0.86,0.312,0.273,0.36,0.5,0.2,1,2,0,0,1,0.333,0.467,0.2,2022-06-01
sa1169773-AA-TOR,LJ Talley,TOR,25,AA,56,91,0.214,0.146,0.1,0.125,0.676,0.235,0.208,0.321,0.354,0.111,2,1,0,0,0,0.5,0.333,0.167,2022-06-01
sa1169792-AA-LAD,Ryan Ward,LAD,24,AA,171,104,0.193,0.268,0.136,0.058,0.84,0.25,0.261,0.312,0.529,0.26,13,3,0,0,0,0.41,0.41,0.18,2022-06-01
sa1169809-AA-SFG,Simon Whiteman,SFG,25,AA,82,54,0.293,0.042,0.103,0.098,0.518,0.277,0.183,0.293,0.225,0.0,0,3,0,5,1,0.326,0.478,0.196,2022-06-01
sa1169950-AA-PIT,Aaron Shackelford,PIT,25,AA,119,110,0.294,0.241,0.165,0.084,0.784,0.284,0.241,0.303,0.481,0.206,7,5,0,2,1,0.459,0.405,0.135,2022-06-01
sa1170288-AA-SEA,Cade Marlowe,SEA,25,AA,172,80,0.25,0.115,0.129,0.128,0.682,0.304,0.23,0.337,0.345,0.077,3,4,2,11,2,0.375,0.433,0.192,2022-06-01
sa1170296-AA-BAL,Toby Welk,BAL,25,AA,16,143,0.188,0.438,0.107,0.0,0.938,0.182,0.25,0.25,0.688,0.2,2,1,0,0,0,0.769,0.077,0.154,2022-06-01
sa1170316-AA-KCR,Jake Means,KCR,26,AA,132,68,0.288,0.174,0.127,0.114,0.669,0.267,0.2,0.295,0.374,0.125,3,11,0,2,0,0.32,0.453,0.227,2022-06-01
sa1170373-AA-LAA,Anthony Mulrine,LAA,24,AA,79,39,0.316,0.088,0.184,0.101,0.501,0.214,0.147,0.266,0.235,0.056,1,3,0,0,0,0.439,0.415,0.146,2022-06-01
sa1170451-AA-CHC,Bryce Ball,CHC,23,AA,194,122,0.211,0.18,0.102,0.113,0.842,0.352,0.291,0.371,0.471,0.14,6,11,1,0,1,0.328,0.458,0.214,2022-06-01
sa1170749-AA-STL,Chandler Redmond,STL,25,AA,146,81,0.24,0.215,0.178,0.089,0.745,0.258,0.231,0.299,0.446,0.2,7,5,1,0,0,0.372,0.457,0.17,2022-06-01
sa185525-AA-CLE,Eric Rodriguez,CLE,23,AA,58,8,0.276,0.019,0.123,0.052,0.38,0.216,0.151,0.211,0.17,0.0,0,1,0,0,0,0.27,0.541,0.189,2022-06-01
sa3003197-AA-TEX,David Garcia,TEX,22,AA,89,75,0.169,0.205,0.133,0.067,0.715,0.234,0.229,0.281,0.434,0.182,4,5,0,0,0,0.324,0.456,0.221,2022-06-01
sa3003219-AA-TOR,Rafael Lantigua,TOR,24,AA,153,111,0.203,0.119,0.121,0.105,0.755,0.356,0.276,0.359,0.396,0.0,0,14,1,1,6,0.317,0.406,0.277,2022-06-01
sa3003228-AA-TBR,Johan Lopez,TBR,21,AA,50,-32,0.34,0.021,0.178,0.02,0.289,0.194,0.125,0.143,0.146,0.0,0,1,0,2,1,0.276,0.517,0.207,2022-06-01
sa3003316-AA-CHC,Alexander Canario,CHC,22,AA,86,60,0.349,0.22,0.15,0.035,0.647,0.234,0.195,0.233,0.415,0.192,5,3,0,1,1,0.5,0.385,0.115,2022-06-01
sa3003347-AA-TOR,Sebastian Espino,TOR,22,AA,137,67,0.504,0.22,0.236,0.073,0.627,0.294,0.173,0.234,0.394,0.25,7,7,0,1,0,0.491,0.351,0.158,2022-06-01
sa3004031-AA-CHW,Alex Destino,CHW,26,AA,140,121,0.35,0.15,0.147,0.179,0.807,0.417,0.257,0.4,0.407,0.286,4,5,0,0,0,0.222,0.46,0.317,2022-06-01
sa3004061-AA-SEA,Connor Hoover,SEA,25,AA,124,24,0.298,0.065,0.117,0.113,0.465,0.211,0.15,0.25,0.215,0.036,1,4,0,1,2,0.394,0.423,0.183,2022-06-01
sa3004065-AA-ARI,Jancarlos Cintron,ARI,27,AA,146,111,0.137,0.189,0.094,0.062,0.85,0.336,0.311,0.35,0.5,0.114,4,13,0,6,1,0.312,0.446,0.241,2022-06-01
sa3004146-AA-NYY,Jeisson Rosario,NYY,22,AA,147,102,0.163,0.152,0.102,0.143,0.716,0.255,0.224,0.34,0.376,0.081,3,6,2,6,1,0.378,0.418,0.204,2022-06-01
sa3004149-AA-SDP,Agustin Ruiz,SDP,22,AA,91,92,0.253,0.145,0.122,0.132,0.733,0.308,0.237,0.352,0.382,0.08,2,3,1,2,0,0.463,0.315,0.222,2022-06-01
sa3004153-AA-TBR,Blake Hunt,TBR,23,AA,83,45,0.277,0.041,0.162,0.108,0.522,0.28,0.192,0.289,0.233,0.0,0,3,0,0,0,0.48,0.42,0.1,2022-06-01
sa3004160-AA-SEA,Jake Scheiner,SEA,26,AA,185,80,0.216,0.166,0.128,0.13,0.706,0.248,0.217,0.324,0.382,0.118,6,8,0,2,1,0.436,0.402,0.162,2022-06-01
sa3004163-AA-BOS,Tyreque Reed,BOS,25,AA,59,18,0.475,0.071,0.21,0.034,0.436,0.321,0.161,0.203,0.232,0.0,0,4,0,0,0,0.214,0.5,0.286,2022-06-01
sa3004176-AA-CHW,JJ Muno,CHW,28,AA,101,54,0.277,0.024,0.127,0.109,0.531,0.281,0.19,0.317,0.214,0.0,0,2,0,8,3,0.351,0.474,0.175,2022-06-01
sa3004271-AA-BAL,Davis Tavarez,BAL,23,AA,4,-100,0.0,0.0,0.0,0.0,0.0,0.0,0.0,0.0,0.0,0.0,0,0,0,0,0,0.0,1.0,0.0,2022-06-01
sa3004285-AA-DET,Dylan Rosa,DET,26,AA,43,158,0.442,0.229,0.196,0.186,0.933,0.571,0.286,0.419,0.514,0.4,2,2,0,1,1,0.312,0.312,0.375,2022-06-01
sa3004297-AA-MIL,Brent Diaz,MIL,26,AA,93,120,0.269,0.28,0.144,0.086,0.858,0.275,0.244,0.333,0.524,0.182,6,5,0,1,0,0.589,0.25,0.161,2022-06-01
sa3004381-AA-DET,Ulrich Bojarski,DET,23,AA,4,4,0.75,0.0,0.316,0.25,0.25,0.0,0.0,0.25,0.0,0.0,0,0,0,0,0,0.0,0.0,0.0,2022-06-01
sa3004463-AA-MIL,Robbie Hitt,MIL,26,AA,0,-100,0.0,0.0,,0.0,0.0,0.0,0.0,0.0,0.0,,0,0,0,0,0,,,,2022-06-01
sa3004505-AA-TBR,Erik Ostberg,TBR,26,AA,50,125,0.28,0.341,0.135,0.16,0.901,0.208,0.22,0.34,0.561,0.235,4,0,1,0,0,0.63,0.296,0.074,2022-06-01
sa3004517-AA-CHC,Cam Balego,CHC,27,AA,11,20,0.182,0.0,0.088,0.182,0.384,0.143,0.111,0.273,0.111,0.0,0,0,0,0,0,0.571,0.286,0.143,2022-06-01
sa3004727-AA-BOS,Tyler Esplin,BOS,22,AA,9,5,0.333,0.0,0.154,0.111,0.347,0.2,0.125,0.222,0.125,0.0,0,0,0,0,0,0.5,0.25,0.25,2022-06-01
sa3004780-AA-SFG,Shane Matheny,SFG,26,AA,128,161,0.234,0.236,0.105,0.141,0.95,0.371,0.302,0.413,0.538,0.2,6,5,1,1,0,0.395,0.368,0.237,2022-06-01
sa3004819-AA-DET,Quincy Nieporte,DET,27,AA,152,132,0.191,0.294,0.087,0.086,0.874,0.245,0.257,0.322,0.551,0.224,11,7,0,0,0,0.45,0.349,0.202,2022-06-01
sa3004884-AA-WSN,Justin Connell,WSN,23,AA,153,116,0.373,0.206,0.16,0.105,0.78,0.358,0.237,0.338,0.443,0.269,7,6,0,4,1,0.356,0.425,0.219,2022-06-01
sa3004968-AA-MIL,Tristen Lutz,MIL,23,AA,96,99,0.365,0.221,0.186,0.094,0.778,0.34,0.244,0.312,0.465,0.357,5,4,0,0,0,0.275,0.49,0.235,2022-06-01
sa3004978-AA-KCR,Robbie Glendinning,KCR,26,AA,169,104,0.325,0.214,0.131,0.13,0.808,0.341,0.243,0.351,0.457,0.158,6,10,1,3,0,0.442,0.395,0.163,2022-06-01
sa3005053-AA-MIA,J.D. Osborne,MIA,26,AA,32,-11,0.375,0.0,0.171,0.0,0.349,0.263,0.161,0.188,0.161,0.0,0,0,0,0,0,0.421,0.421,0.158,2022-06-01
sa3005077-AA-BAL,Adam Hall,BAL,23,AA,100,109,0.28,0.058,0.146,0.09,0.729,0.424,0.291,0.38,0.349,0.0,0,5,0,9,0,0.172,0.586,0.241,2022-06-01
sa3005103-AA-BOS,Tyler Dearden,BOS,23,AA,144,101,0.222,0.095,0.109,0.146,0.696,0.306,0.233,0.368,0.328,0.029,1,6,1,0,0,0.412,0.388,0.2,2022-06-01
sa3005401-AA-CHC,Christian Donahue,CHC,27,AA,41,13,0.22,0.0,0.104,0.098,0.406,0.214,0.162,0.244,0.162,0.0,0,0,0,2,1,0.321,0.607,0.071,2022-06-01
sa3005482-AA-CLE,Jose Tena,CLE,21,AA,197,88,0.259,0.119,0.155,0.041,0.696,0.363,0.276,0.301,0.395,0.059,2,10,3,6,2,0.256,0.564,0.18,2022-06-01
sa3005524-AA-ARI,Jorge Barrosa,ARI,21,AA,124,78,0.169,0.152,0.07,0.121,0.691,0.235,0.219,0.32,0.371,0.118,4,4,0,5,1,0.42,0.432,0.148,2022-06-01
sa3005607-AA-TEX,J.P. Martinez,TEX,26,AA,142,150,0.254,0.252,0.108,0.141,0.986,0.387,0.311,0.423,0.563,0.296,8,4,1,14,4,0.325,0.422,0.253,2022-06-01
sa3005625-AA-LAD,Andy Pages,LAD,21,AA,193,104,0.228,0.18,0.108,0.119,0.785,0.301,0.242,0.363,0.422,0.102,5,12,1,3,1,0.426,0.33,0.243,2022-06-01
sa3005898-AA-CLE,Brayan Rocchio,CLE,21,AA,163,92,0.196,0.131,0.116,0.117,0.685,0.267,0.226,0.327,0.358,0.071,3,7,1,6,4,0.396,0.415,0.189,2022-06-01
sa3006075-AA-CLE,Victor Nova,CLE,22,AA,88,41,0.295,0.068,0.109,0.148,0.473,0.213,0.137,0.267,0.205,0.0,0,5,0,2,0,0.522,0.37,0.109,2022-06-01
sa3006164-AA-STL,Freddy Pacheco,STL,24,AA,0,-100,0.0,0.0,,0.0,0.0,0.0,0.0,0.0,0.0,,0,0,0,0,0,,,,2022-06-01
sa3006664-AA-LAA,Orlando Martinez,LAA,24,AA,85,87,0.165,0.158,0.124,0.106,0.712,0.254,0.237,0.318,0.395,0.094,3,3,0,3,2,0.516,0.355,0.129,2022-06-01
sa3006670-AA-COL,Niko Decolati,COL,24,AA,72,65,0.264,0.034,0.093,0.153,0.544,0.275,0.186,0.324,0.22,0.0,0,2,0,3,1,0.132,0.711,0.158,2022-06-01
sa3006685-AA-CHW,Ian Dawkins,CHW,26,AA,67,107,0.164,0.102,0.092,0.119,0.763,0.34,0.288,0.373,0.39,0.067,1,3,0,2,1,0.319,0.447,0.234,2022-06-01
sa3006712-AA-PIT,Daniel Amaral,PIT,25,AA,4,-100,0.5,0.0,0.385,0.0,0.0,0.0,0.0,0.0,0.0,0.0,0,0,0,0,0,1.0,0.0,0.0,2022-06-01
sa3006729-AA-WSN,Jacob Rhinesmith,WSN,26,AA,98,34,0.245,0.011,0.108,0.082,0.449,0.238,0.172,0.265,0.184,0.0,0,1,0,2,0,0.258,0.597,0.145,2022-06-01
sa3006735-AA-STL,Justin Toerner,STL,25,AA,28,155,0.214,0.0,0.09,0.25,0.852,0.462,0.316,0.536,0.316,0.0,0,0,0,1,0,0.308,0.077,0.615,2022-06-01
sa3006780-AA-BOS,Kole Cottam,BOS,25,AA,121,99,0.306,0.112,0.174,0.083,0.703,0.377,0.252,0.339,0.364,0.032,1,9,0,0,1,0.449,0.362,0.188,2022-06-01
sa3006856-AA-NYY,Brandon Lockridge,NYY,25,AA,175,85,0.269,0.132,0.162,0.086,0.674,0.318,0.239,0.303,0.371,0.081,3,10,1,7,3,0.336,0.473,0.191,2022-06-01
sa3006857-AA-PHI,Jack Conley,PHI,25,AA,124,92,0.25,0.113,0.108,0.121,0.673,0.301,0.226,0.333,0.34,0.074,2,4,1,1,0,0.36,0.413,0.227,2022-06-01
sa3006860-AA-MIA,Cobie Fletcher-Vance,MIA,24,AA,146,52,0.151,0.081,0.132,0.048,0.585,0.257,0.23,0.274,0.311,0.041,2,5,0,0,1,0.454,0.389,0.157,2022-06-01
sa3006869-AA-LAD,Devin Mann,LAD,25,AA,119,134,0.185,0.247,0.064,0.151,0.924,0.3,0.278,0.398,0.526,0.176,6,6,0,0,1,0.459,0.311,0.23,2022-06-01
sa3006872-AA-CLE,George Valera,CLE,21,AA,177,136,0.232,0.207,0.119,0.147,0.852,0.324,0.267,0.379,0.473,0.179,7,8,1,2,1,0.371,0.41,0.219,2022-06-01
sa3006876-AA-ATL,Trey Harris,ATL,26,AA,116,85,0.129,0.082,0.105,0.086,0.667,0.259,0.237,0.348,0.32,0.077,2,2,0,2,1,0.313,0.554,0.133,2022-06-01
sa3006909-AA-TEX,Jonathan Ornelas,TEX,22,AA,180,119,0.189,0.125,0.113,0.05,0.852,0.415,0.345,0.382,0.47,0.105,4,7,1,2,3,0.29,0.435,0.275,2022-06-01
sa3006936-AA-CLE,Daniel Schneemann,CLE,25,AA,150,68,0.28,0.119,0.117,0.127,0.6,0.25,0.19,0.291,0.31,0.111,3,2,2,5,0,0.338,0.462,0.2,2022-06-01
sa3007005-AA-OAK,Jeremy Eierman,OAK,25,AA,189,72,0.317,0.214,0.169,0.069,0.709,0.274,0.22,0.275,0.434,0.173,9,10,0,0,1,0.46,0.354,0.186,2022-06-01
sa3007009-AA-NYM,Hayden Senger,NYM,25,AA,121,99,0.306,0.143,0.151,0.083,0.712,0.343,0.238,0.331,0.381,0.062,2,7,1,1,0,0.478,0.313,0.209,2022-06-01
sa3007016-AA-TBR,Michael Berglund,TBR,24,AA,4,28,0.5,0.0,0.059,0.0,0.5,0.5,0.25,0.25,0.25,0.0,0,0,0,0,0,0.5,0.5,0.0,2022-06-01
sa3007028-AA-MIN,Chris Williams,MIN,25,AA,79,155,0.304,0.234,0.161,0.177,1.006,0.474,0.328,0.443,0.562,0.143,3,6,0,1,1,0.512,0.22,0.268,2022-06-01
sa3007030-AA-SFG,Frankie Tostado,SFG,24,AA,176,142,0.216,0.189,0.194,0.051,0.888,0.392,0.329,0.369,0.518,0.152,7,10,0,2,2,0.365,0.413,0.222,2022-06-01
sa3007046-AA-COL,Jameson Hannah,COL,24,AA,114,104,0.219,0.101,0.128,0.105,0.725,0.356,0.273,0.351,0.374,0.059,1,5,1,7,0,0.23,0.595,0.176,2022-06-01
sa3007047-AA-TBR,Grant Witherspoon,TBR,25,AA,141,143,0.191,0.211,0.105,0.071,0.937,0.392,0.336,0.39,0.547,0.147,5,8,2,7,3,0.343,0.515,0.141,2022-06-01
sa3007053-AA-TBR,Niko Hulsizer,TBR,25,AA,27,127,0.37,0.28,0.198,0.074,0.893,0.385,0.28,0.333,0.56,0.5,2,1,0,2,0,0.286,0.429,0.286,2022-06-01
sa3007069-AA-BAL,Greg Cullen,BAL,25,AA,17,61,0.294,0.0,0.068,0.235,0.444,0.143,0.091,0.353,0.091,0.0,0,0,0,0,0,0.429,0.429,0.143,2022-06-01
sa3007070-AA-ATL,Justin Dean,ATL,25,AA,31,70,0.258,0.148,0.089,0.032,0.661,0.3,0.222,0.29,0.37,0.0,0,2,1,2,0,0.45,0.45,0.1,2022-06-01
sa3007078-AA-TBR,Jordan Qsar,TBR,26,AA,113,121,0.389,0.314,0.146,0.088,0.877,0.353,0.245,0.319,0.559,0.25,7,5,3,4,0,0.483,0.31,0.207,2022-06-01
sa3007301-AA-MIN,DaShawn Keirsey,MIN,25,AA,134,71,0.276,0.103,0.168,0.112,0.648,0.316,0.224,0.321,0.328,0.071,1,9,0,13,1,0.175,0.612,0.212,2022-06-01
sa3007510-AA-KCR,Tyler Cropley,KCR,26,AA,9,0,0.111,0.0,0.091,0.0,0.347,0.143,0.125,0.222,0.125,0.0,0,0,0,0,0,0.429,0.286,0.286,2022-06-01
sa3007511-AA-OAK,Max Schuemann,OAK,25,AA,198,138,0.232,0.128,0.115,0.131,0.899,0.432,0.327,0.444,0.455,0.079,3,7,2,15,3,0.336,0.425,0.239,2022-06-01
sa3007635-AA-DET,Jon Rosoff,DET,27,AA,17,75,0.059,0.0,0.109,0.176,0.567,0.231,0.214,0.353,0.214,0.0,0,0,0,0,0,0.308,0.615,0.077,2022-06-01
sa3007740-AA-LAA,Jeremiah Jackson,LAA,22,AA,25,96,0.28,0.238,0.171,0.12,0.749,0.231,0.19,0.32,0.429,0.125,1,2,0,2,0,0.571,0.357,0.071,2022-06-01
sa3007742-AA-ARI,Blaze Alexander,ARI,23,AA,135,128,0.281,0.231,0.179,0.096,0.902,0.384,0.291,0.381,0.521,0.333,6,7,1,5,2,0.231,0.487,0.282,2022-06-01
sa3007745-AA-BOS,Brandon Howlett,BOS,22,AA,83,38,0.482,0.041,0.149,0.12,0.471,0.364,0.164,0.265,0.205,0.0,0,1,1,0,0,0.242,0.576,0.182,2022-06-01
sa3007750-AA-KCR,Logan Porter,KCR,26,AA,132,144,0.227,0.159,0.105,0.174,0.924,0.411,0.318,0.447,0.477,0.143,4,5,0,0,0,0.364,0.455,0.182,2022-06-01
sa3007822-AA-BOS,Elih Marrero,BOS,25,AA,99,68,0.303,0.06,0.11,0.152,0.569,0.302,0.193,0.316,0.253,0.0,0,5,0,7,2,0.245,0.585,0.17,2022-06-01
sa3007828-AA-COL,Willie MacIver,COL,25,AA,153,87,0.281,0.23,0.151,0.078,0.7,0.225,0.201,0.268,0.432,0.222,8,8,0,5,1,0.383,0.447,0.17,2022-06-01
sa3007943-AA-DET,Parker Meadows,DET,22,AA,114,67,0.237,0.121,0.122,0.088,0.604,0.247,0.202,0.281,0.323,0.062,2,6,0,7,0,0.432,0.284,0.284,2022-06-01
sa3007976-AA-CHC,Levi Jordan,CHC,26,AA,94,203,0.117,0.346,0.095,0.128,1.186,0.371,0.372,0.468,0.718,0.261,6,7,1,1,2,0.343,0.433,0.224,2022-06-01
sa3008029-AA-COL,Kyle Datres,COL,26,AA,108,101,0.25,0.144,0.135,0.12,0.709,0.267,0.222,0.343,0.367,0.222,4,1,0,10,0,0.286,0.603,0.111,2022-06-01
sa3008051-AA-NYY,Josh Breaux,NYY,24,AA,126,113,0.278,0.292,0.206,0.095,0.798,0.217,0.212,0.294,0.504,0.214,9,6,0,0,0,0.545,0.377,0.078,2022-06-01
sa3008079-AA-NYM,Carlos Cortes,NYM,25,AA,30,141,0.367,0.222,0.132,0.1,0.885,0.467,0.296,0.367,0.519,0.1,1,3,0,0,0,0.625,0.188,0.188,2022-06-01
sa3008107-AA-HOU,Cesar Salazar,HOU,26,AA,93,85,0.226,0.169,0.125,0.043,0.758,0.317,0.277,0.312,0.446,0.111,3,5,0,1,0,0.409,0.303,0.288,2022-06-01
sa3008113-AA-STL,Malcom Nunez,STL,21,AA,156,76,0.186,0.126,0.108,0.179,0.655,0.221,0.189,0.34,0.315,0.115,3,7,0,1,0,0.265,0.5,0.235,2022-06-01
sa3008182-AA-CIN,Mike Siani,CIN,22,AA,189,93,0.148,0.146,0.073,0.106,0.731,0.276,0.25,0.335,0.396,0.077,4,8,2,15,5,0.38,0.482,0.139,2022-06-01
sa3008184-AA-CHC,Cole Roederer,CHC,22,AA,4,-100,0.25,0.0,0.105,0.0,0.0,0.0,0.0,0.0,0.0,0.0,0,0,0,0,0,0.333,0.667,0.0,2022-06-01
sa3008239-AA-COL,Ezequiel Tovar,COL,20,AA,196,172,0.209,0.267,0.14,0.102,1.001,0.38,0.326,0.408,0.593,0.213,10,10,3,16,1,0.367,0.391,0.242,2022-06-01
sa3008280-AA-MIN,Michael Helman,MIN,26,AA,166,113,0.193,0.194,0.084,0.127,0.84,0.318,0.278,0.367,0.472,0.154,6,6,2,10,0,0.348,0.42,0.232,2022-06-01
sa3008365-AA-TBR,Ronny Simon,TBR,22,AA,17,190,0.235,0.286,0.127,0.176,1.113,0.444,0.357,0.471,0.643,0.25,1,1,0,2,1,0.4,0.4,0.2,2022-06-01
sa3008391-AA-OAK,JJ Schwarz,OAK,26,AA,22,129,0.136,0.158,0.101,0.136,0.883,0.333,0.316,0.409,0.474,0.167,1,0,0,0,0,0.375,0.438,0.188,2022-06-01
sa3008392-AA-TBR,Curtis Mead,TBR,21,AA,150,131,0.147,0.206,0.105,0.107,0.879,0.314,0.286,0.387,0.492,0.118,4,14,0,2,2,0.33,0.447,0.223,2022-06-01
sa3008602-AA-MIA,Victor Victor Mesa,MIA,25,AA,138,29,0.159,0.041,0.098,0.058,0.477,0.212,0.182,0.254,0.223,0.031,1,2,0,12,0,0.337,0.495,0.168,2022-06-01
sa3009866-AA-TBR,Evan Edwards,TBR,25,AA,86,85,0.453,0.197,0.144,0.151,0.708,0.333,0.197,0.314,0.394,0.25,4,2,0,1,0,0.471,0.294,0.235,2022-06-01
sa3009869-AA-TBR,Austin Shenton,TBR,24,AA,146,97,0.308,0.167,0.154,0.158,0.733,0.306,0.217,0.349,0.383,0.111,4,6,1,0,0,0.48,0.373,0.147,2022-06-01
sa3009872-AA-CIN,Quin Cotton,CIN,24,AA,87,104,0.356,0.192,0.213,0.08,0.782,0.386,0.256,0.333,0.449,0.214,3,6,0,4,2,0.298,0.426,0.277,2022-06-01
sa3009879-AA-TOR,Will Robertson,TOR,24,AA,134,108,0.336,0.217,0.162,0.075,0.763,0.319,0.233,0.313,0.45,0.182,6,8,0,1,4,0.446,0.351,0.203,2022-06-01
sa3009884-AA-COL,Isaac Collins,COL,24,AA,169,73,0.201,0.058,0.098,0.124,0.588,0.264,0.201,0.329,0.259,0.0,0,8,0,14,3,0.379,0.417,0.204,2022-06-01
sa3009891-AA-SEA,Patrick Frick,SEA,25,AA,118,48,0.203,0.02,0.081,0.11,0.54,0.275,0.216,0.305,0.235,0.0,0,2,0,0,0,0.218,0.5,0.282,2022-06-01
sa3009896-AA-SEA,Trent Tingelstad,SEA,24,AA,14,152,0.214,0.1,0.074,0.286,0.9,0.429,0.3,0.5,0.4,0.0,0,1,0,0,0,0.143,0.429,0.429,2022-06-01
sa3010009-AA-WSN,Jake Alu,WSN,25,AA,178,102,0.202,0.15,0.096,0.084,0.732,0.306,0.256,0.326,0.406,0.103,4,12,0,8,1,0.317,0.415,0.268,2022-06-01
sa3010030-AA-CLE,Julian Escobedo,CLE,24,AA,171,80,0.181,0.137,0.112,0.076,0.649,0.246,0.212,0.299,0.349,0.068,3,9,1,3,3,0.379,0.44,0.181,2022-06-01
sa3010035-AA-LAD,Brandon Lewis,LAD,23,AA,112,29,0.339,0.087,0.218,0.062,0.51,0.266,0.183,0.241,0.269,0.083,2,3,0,0,0,0.375,0.469,0.156,2022-06-01
sa3010039-AA-CLE,Will Brennan,CLE,24,AA,157,140,0.102,0.193,0.079,0.108,0.886,0.319,0.311,0.382,0.504,0.093,4,12,1,5,2,0.361,0.412,0.227,2022-06-01
sa3010170-AA-TEX,Blaine Crim,TEX,25,AA,185,135,0.184,0.258,0.102,0.092,0.956,0.333,0.314,0.384,0.572,0.217,10,11,0,2,0,0.357,0.38,0.264,2022-06-01
sa3010269-AA-PIT,Blake Sabol,PIT,24,AA,147,140,0.218,0.203,0.13,0.122,0.881,0.359,0.297,0.381,0.5,0.135,5,7,2,3,2,0.389,0.4,0.211,2022-06-01
sa3010273-AA-BOS,Wil Dalton,BOS,24,AA,67,144,0.358,0.246,0.15,0.119,0.899,0.419,0.281,0.373,0.526,0.15,3,5,0,3,0,0.588,0.265,0.147,2022-06-01
sa3010342-AA-WSN,Jackson Cluff,WSN,25,AA,134,22,0.425,0.089,0.173,0.06,0.443,0.246,0.145,0.209,0.234,0.071,2,5,0,3,2,0.418,0.343,0.239,2022-06-01
sa3010395-AA-CHC,Darius Hill,CHC,24,AA,201,121,0.119,0.178,0.074,0.065,0.846,0.329,0.308,0.36,0.486,0.088,6,13,1,3,2,0.43,0.418,0.152,2022-06-01
sa3010399-AA-PIT,Matt Gorski,PIT,24,AA,27,99,0.296,0.125,0.184,0.111,0.708,0.333,0.25,0.333,0.375,0.5,1,0,0,2,0,0.125,0.625,0.25,2022-06-01
sa3010401-AA-DET,Andre Lipcius,DET,24,AA,176,126,0.188,0.17,0.098,0.188,0.798,0.286,0.241,0.386,0.411,0.111,4,10,1,6,1,0.333,0.472,0.194,2022-06-01
sa3010584-AA-DET,Cooper Johnson,DET,24,AA,19,-38,0.526,0.0,0.18,0.158,0.158,0.0,0.0,0.158,0.0,0.0,0,0,0,0,0,0.5,0.5,0.0,2022-06-01
sa3010593-AA-ARI,Corbin Carroll,ARI,21,AA,193,155,0.254,0.327,0.092,0.155,1.035,0.344,0.288,0.42,0.615,0.375,12,7,4,15,1,0.296,0.481,0.222,2022-06-01
sa3010599-AA-DET,Jake Holton,DET,24,AA,26,57,0.308,0.0,0.132,0.038,0.525,0.333,0.217,0.308,0.217,0.0,0,0,0,0,0,0.357,0.286,0.357,2022-06-01
sa3010689-AA-DET,Kerry Carpenter,DET,24,AA,171,198,0.298,0.386,0.127,0.07,1.129,0.407,0.34,0.404,0.725,0.405,17,8,0,1,1,0.416,0.327,0.257,2022-06-01
sa3010702-AA-ATL,Cade Bunnell,ATL,25,AA,8,129,0.25,0.125,0.242,0.0,0.875,0.5,0.375,0.375,0.5,0.0,0,1,0,0,0,0.333,0.667,0.0,2022-06-01
sa3010708-AA-PHI,Sal Gozzo,PHI,24,AA,61,-12,0.426,0.054,0.155,0.033,0.334,0.233,0.125,0.155,0.179,0.0,0,3,0,0,0,0.333,0.5,0.167,2022-06-01
sa3010710-AA-PIT,Andres Alvarez,PIT,25,AA,105,164,0.267,0.353,0.115,0.152,1.004,0.288,0.271,0.381,0.624,0.286,8,4,1,6,0,0.475,0.39,0.136,2022-06-01
sa3010712-AA-PHI,Vito Friscia,PHI,25,AA,135,133,0.259,0.24,0.096,0.215,0.843,0.242,0.21,0.393,0.45,0.171,6,4,1,0,0,0.53,0.258,0.212,2022-06-01
sa3010845-AA-CHC,Chase Strumpf,CHC,24,AA,179,122,0.358,0.234,0.136,0.173,0.827,0.319,0.213,0.38,0.447,0.211,8,7,1,0,0,0.5,0.303,0.197,2022-06-01
sa3010848-AA-BAL,Maverick Handley,BAL,24,AA,96,99,0.177,0.123,0.104,0.115,0.702,0.27,0.235,0.344,0.358,0.08,2,4,0,0,0,0.385,0.431,0.185,2022-06-01
sa3010853-AA-NYM,Branden Fryman,NYM,24,AA,25,-41,0.28,0.0,0.241,0.0,0.24,0.167,0.12,0.12,0.12,0.0,0,0,0,0,0,0.389,0.444,0.167,2022-06-01
sa3010868-AA-NYY,Anthony Volpe,NYY,21,AA,183,89,0.24,0.17,0.108,0.126,0.684,0.241,0.203,0.311,0.373,0.104,5,9,1,18,2,0.444,0.398,0.157,2022-06-01
sa3010869-AA-NYM,Brett Baty,NYM,22,AA,152,112,0.316,0.159,0.136,0.118,0.758,0.37,0.25,0.349,0.409,0.136,3,12,0,0,1,0.272,0.457,0.272,2022-06-01
sa3011156-AA-CIN,James Free,CIN,24,AA,52,113,0.192,0.125,0.078,0.058,0.803,0.361,0.312,0.365,0.438,0.2,2,0,0,0,0,0.263,0.605,0.132,2022-06-01
sa3011255-AA-NYM,Jake Mangum,NYM,26,AA,134,112,0.224,0.125,0.104,0.082,0.762,0.371,0.283,0.353,0.408,0.034,1,4,4,6,2,0.326,0.438,0.236,2022-06-01
sa3011257-AA-SFG,Tyler Fitzgerald,SFG,24,AA,174,92,0.362,0.185,0.18,0.086,0.687,0.278,0.192,0.31,0.377,0.12,6,7,1,4,0,0.595,0.214,0.19,2022-06-01
sa3011308-AA-MIL,Thomas Dillard,MIL,24,AA,178,90,0.32,0.131,0.174,0.169,0.692,0.318,0.207,0.354,0.338,0.079,3,10,0,4,0,0.442,0.384,0.174,2022-06-01
sa3011379-AA-TOR,Philip Clarke,TOR,24,AA,111,104,0.18,0.117,0.104,0.117,0.724,0.288,0.255,0.351,0.372,0.103,3,2,0,0,0,0.392,0.365,0.243,2022-06-01
sa3011540-AA-LAD,Michael Busch,LAD,24,AA,137,173,0.263,0.361,0.123,0.175,1.112,0.355,0.306,0.445,0.667,0.367,11,6,0,1,0,0.411,0.315,0.274,2022-06-01
sa3011587-AA-HOU,Luke Berryhill,HOU,24,AA,183,122,0.29,0.179,0.132,0.164,0.839,0.364,0.255,0.404,0.434,0.179,5,11,0,1,1,0.315,0.449,0.236,2022-06-01
sa3014426-AA-MIA,Hayden Cantrelle,MIA,23,AA,110,76,0.364,0.152,0.138,0.127,0.649,0.286,0.185,0.312,0.337,0.125,3,5,0,6,4,0.49,0.306,0.204,2022-06-01
sa3014438-AA-MIL,Garrett Mitchell,MIL,23,AA,124,83,0.323,0.121,0.146,0.105,0.676,0.338,0.224,0.331,0.346,0.133,2,3,2,6,1,0.234,0.594,0.172,2022-06-01
sa3014464-AA-STL,Jordan Walker,STL,20,AA,188,137,0.234,0.186,0.153,0.133,0.92,0.409,0.314,0.42,0.5,0.16,4,13,2,11,3,0.225,0.505,0.27,2022-06-01
sa3014468-AA-LAD,Carson Taylor,LAD,23,AA,97,100,0.186,0.123,0.101,0.124,0.754,0.306,0.259,0.371,0.383,0.167,2,4,0,0,0,0.194,0.484,0.323,2022-06-01
sa3014499-AA-BAL,Jordan Westburg,BAL,23,AA,189,121,0.28,0.229,0.123,0.122,0.815,0.314,0.247,0.339,0.476,0.222,8,14,0,3,0,0.321,0.438,0.241,2022-06-01
sa3014506-AA-STL,Masyn Winn,STL,20,AA,30,149,0.167,0.385,0.055,0.1,1.059,0.3,0.308,0.367,0.692,0.5,2,4,0,1,0,0.19,0.476,0.333,2022-06-01
sa3014510-AA-PIT,Nick Gonzales,PIT,23,AA,186,111,0.328,0.13,0.171,0.134,0.742,0.374,0.247,0.366,0.377,0.091,4,8,0,4,1,0.468,0.351,0.181,2022-06-01
sa3014511-AA-KCR,Nick Loftin,KCR,23,AA,194,97,0.113,0.148,0.075,0.072,0.785,0.301,0.29,0.347,0.438,0.094,5,8,1,7,1,0.368,0.41,0.222,2022-06-01
sa3014527-AA-TEX,Justin Foscue,TEX,23,AA,125,133,0.16,0.231,0.072,0.152,0.919,0.329,0.288,0.4,0.519,0.088,3,13,1,1,1,0.41,0.349,0.241,2022-06-01
sa3014531-AA-MIL,Joey Wiemer,MIL,23,AA,196,137,0.296,0.29,0.186,0.092,0.931,0.358,0.284,0.357,0.574,0.218,12,15,0,12,1,0.478,0.383,0.139,2022-06-01
sa3014532-AA-ATL,Jesse Franklin V,ATL,23,AA,66,92,0.273,0.164,0.137,0.091,0.733,0.297,0.236,0.333,0.4,0.167,2,1,1,2,0,0.324,0.541,0.135,2022-06-01
sa3014547-AA-SEA,Zach DeLoach,SEA,23,AA,176,85,0.307,0.136,0.158,0.114,0.725,0.364,0.253,0.335,0.39,0.083,3,8,2,1,0,0.356,0.426,0.218,2022-06-01
sa3014827-AA-NYY,Elijah Dunham,NYY,24,AA,153,135,0.203,0.263,0.129,0.085,0.88,0.296,0.271,0.346,0.534,0.14,7,8,3,11,2,0.481,0.346,0.173,2022-06-01
sa3014832-AA-SEA,Matt Scheffler,SEA,24,AA,79,100,0.165,0.017,0.065,0.215,0.684,0.312,0.25,0.418,0.267,0.0,0,1,0,1,0,0.348,0.37,0.283,2022-06-01
sa3014878-AA-MIL,Noah Campbell,MIL,23,AA,67,71,0.299,0.086,0.126,0.119,0.629,0.342,0.224,0.318,0.31,0.0,0,5,0,2,1,0.395,0.421,0.184,2022-06-01
sa3014885-AA-OAK,William Simoneit,OAK,25,AA,110,77,0.227,0.098,0.099,0.091,0.662,0.294,0.228,0.336,0.326,0.056,1,6,0,1,0,0.265,0.485,0.25,2022-06-01
sa3014886-AA-BAL,J.D. Mundy,BAL,24,AA,118,78,0.271,0.13,0.123,0.068,0.649,0.307,0.231,0.288,0.361,0.08,2,8,0,0,0,0.325,0.481,0.195,2022-06-01
sa3014888-AA-BAL,Dylan Harris,BAL,25,AA,63,158,0.238,0.211,0.111,0.095,0.941,0.425,0.333,0.397,0.544,0.222,2,6,0,2,0,0.214,0.405,0.381,2022-06-01
sa3014940-AA-SFG,Robert Emery,SFG,25,AA,89,100,0.247,0.147,0.144,0.09,0.71,0.288,0.227,0.337,0.373,0.091,2,3,1,0,2,0.407,0.407,0.185,2022-06-01
sa3014986-AA-HOU,Justin Dirden,HOU,24,AA,183,129,0.246,0.234,0.156,0.104,0.92,0.382,0.304,0.383,0.538,0.115,6,17,1,1,1,0.456,0.298,0.246,2022-06-01
sa3015137-AA-CHW,Yoelqui Cespedes,CHW,24,AA,154,83,0.279,0.189,0.198,0.019,0.725,0.313,0.257,0.279,0.446,0.189,7,7,0,5,2,0.349,0.5,0.151,2022-06-01
sa3016853-AA-LAA,Zach Humphreys,LAA,24,AA,114,152,0.175,0.217,0.075,0.184,0.952,0.338,0.304,0.43,0.522,0.2,5,3,1,6,1,0.347,0.514,0.139,2022-06-01
sa3016916-AA-LAA,Bryce Teodosio,LAA,23,AA,154,96,0.364,0.2,0.176,0.13,0.739,0.299,0.208,0.331,0.408,0.318,7,5,0,10,3,0.306,0.444,0.25,2022-06-01
sa3017042-AA-PIT,Henry Davis,PIT,22,AA,8,235,0.0,0.6,0.091,0.125,1.3,0.0,0.2,0.5,0.8,1.0,1,0,0,0,0,0.2,0.6,0.2,2022-06-01
sa3017341-AA-PHI,Freylin Minyety,PHI,22,AA,70,52,0.143,0.017,0.092,0.129,0.494,0.208,0.172,0.304,0.19,0.0,0,1,0,0,0,0.34,0.489,0.17,2022-06-01
sa3018219-AA-SDP,Wyatt Hoffman,SDP,23,AA,6,55,0.333,0.0,0.185,0.167,0.533,0.333,0.2,0.333,0.2,0.0,0,0,0,0,0,0.667,0.0,0.333,2022-06-01
sa506550-AA-MIL,Andy Otero,MIL,30,AA,1,-100,1.0,0.0,0.0,0.0,0.0,0.0,0.0,0.0,0.0,0.0,0,0,0,0,0,0.0,0.0,0.0,2022-06-01
sa507143-AA-PHI,Ali Castillo,PHI,33,AA,123,59,0.122,0.018,0.068,0.041,0.578,0.294,0.268,0.293,0.286,0.0,0,2,0,3,2,0.273,0.616,0.111,2022-06-01
sa596287-AA-WSN,Wilson Garcia,WSN,28,AA,166,98,0.145,0.127,0.121,0.024,0.728,0.315,0.287,0.314,0.413,0.095,4,7,0,0,0,0.333,0.444,0.222,2022-06-01
sa599531-AA-ARI,Drew Stankiewicz,ARI,29,AA,122,40,0.27,0.086,0.127,0.107,0.536,0.239,0.181,0.269,0.267,0.062,2,3,0,1,0,0.444,0.306,0.25,2022-06-01
sa658994-AA-ATL,Tyler Krieger,ATL,28,AA,17,54,0.176,0.0,0.071,0.176,0.5,0.222,0.167,0.333,0.167,0.0,0,0,0,1,1,0.333,0.556,0.111,2022-06-01
sa736824-AA-MIA,Ray-Patrick Didder,MIA,27,AA,146,84,0.26,0.124,0.109,0.096,0.674,0.272,0.215,0.336,0.339,0.108,4,3,0,13,2,0.435,0.435,0.129,2022-06-01
sa736852-AA-PHI,Aldrem Corredor,PHI,26,AA,126,105,0.222,0.167,0.072,0.127,0.734,0.267,0.231,0.336,0.398,0.238,5,3,0,0,0,0.266,0.557,0.177,2022-06-01
sa737640-AA-SDP,Thomas Milone,SDP,27,AA,64,81,0.219,0.056,0.113,0.125,0.656,0.325,0.241,0.359,0.296,0.0,0,1,1,5,1,0.225,0.5,0.275,2022-06-01
sa738445-AA-MIA,Luis Aviles Jr.,MIA,27,AA,146,84,0.295,0.191,0.182,0.048,0.729,0.322,0.25,0.288,0.441,0.161,5,11,0,6,2,0.333,0.441,0.226,2022-06-01
sa738703-AA-ATL,Jordan Cowan,ATL,27,AA,25,66,0.16,0.045,0.109,0.04,0.593,0.278,0.227,0.32,0.273,0.0,0,1,0,0,1,0.471,0.471,0.059,2022-06-01
sa738936-AA-CHC,Harrison Wenson,CHC,27,AA,69,66,0.478,0.182,0.214,0.159,0.603,0.211,0.127,0.294,0.309,0.25,3,1,0,0,0,0.571,0.286,0.143,2022-06-01
sa738955-AA-SFG,Jacob Heyward,SFG,26,AA,143,61,0.35,0.088,0.138,0.112,0.567,0.297,0.192,0.287,0.28,0.062,2,5,0,0,0,0.427,0.36,0.213,2022-06-01
sa739597-AA-PHI,Wendell Rijo,PHI,26,AA,84,92,0.214,0.187,0.093,0.083,0.698,0.241,0.213,0.298,0.4,0.15,3,3,1,7,0,0.357,0.464,0.179,2022-06-01
sa828381-AA-MIN,Dennis Ortega,MIN,25,AA,143,80,0.252,0.109,0.116,0.091,0.693,0.341,0.256,0.329,0.364,0.095,2,6,1,2,0,0.233,0.522,0.244,2022-06-01
sa828876-AA-CHW,D.J. Burt,CHW,26,AA,60,93,0.133,0.135,0.09,0.1,0.724,0.279,0.25,0.339,0.385,0.071,1,2,1,6,2,0.326,0.442,0.233,2022-06-01
sa829010-AA-COL,Max George,COL,26,AA,20,-21,0.35,0.056,0.2,0.0,0.261,0.091,0.056,0.15,0.111,0.0,0,1,0,0,0,0.364,0.455,0.182,2022-06-01
sa829062-AA-DET,Chris Rabago,DET,29,AA,29,71,0.379,0.0,0.15,0.138,0.553,0.385,0.208,0.345,0.208,0.0,0,0,0,0,0,0.308,0.462,0.231,2022-06-01
sa829268-AA-ATL,Drew Lugbauer,ATL,25,AA,195,111,0.374,0.266,0.213,0.128,0.83,0.329,0.231,0.333,0.497,0.275,11,12,0,0,0,0.43,0.376,0.194,2022-06-01
sa829345-AA-TEX,Jordan Procyshen,TEX,29,AA,61,104,0.246,0.14,0.136,0.131,0.777,0.324,0.26,0.377,0.4,0.143,2,1,0,3,1,0.389,0.389,0.222,2022-06-01
sa829374-AA-WSN,Rudy Martin,WSN,26,AA,74,68,0.243,0.136,0.095,0.081,0.607,0.239,0.197,0.274,0.333,0.095,2,1,1,7,3,0.447,0.362,0.191,2022-06-01
sa829481-AA-COL,Tyler Hill,COL,26,AA,8,63,0.125,0.0,0.068,0.375,0.375,0.0,0.0,0.375,0.0,0.0,0,0,0,1,0,0.5,0.5,0.0,2022-06-01
sa829529-AA-LAD,Jeren Kendall,LAD,26,AA,93,53,0.28,0.163,0.146,0.065,0.619,0.259,0.198,0.258,0.36,0.059,2,4,2,5,2,0.567,0.283,0.15,2022-06-01
sa829713-AA-CHW,Evan Skoug,CHW,26,AA,58,104,0.259,0.18,0.174,0.086,0.765,0.281,0.24,0.345,0.42,0.214,3,0,0,0,0,0.4,0.457,0.143,2022-06-01
sa857538-AA-STL,Roberto Baldoquin,STL,28,AA,62,6,0.242,0.052,0.145,0.032,0.417,0.209,0.155,0.21,0.207,0.0,0,3,0,0,0,0.22,0.585,0.195,2022-06-01
sa857823-AA-LAA,Preston Palmeiro,LAA,27,AA,150,97,0.2,0.169,0.153,0.16,0.734,0.253,0.218,0.347,0.387,0.087,4,9,0,0,0,0.489,0.362,0.149,2022-06-01
sa858812-AA-ATL,Arden Pabst,ATL,27,AA,6,58,0.5,0.0,0.088,0.167,0.533,0.5,0.2,0.333,0.2,0.0,0,0,0,0,0,0.5,0.0,0.5,2022-06-01
sa872466-AA-PHI,Kevin Vicuna,PHI,24,AA,70,121,0.114,0.18,0.11,0.086,0.8,0.302,0.262,0.357,0.443,0.0,0,3,4,3,2,0.353,0.471,0.176,2022-06-01
sa872542-AA-CIN,Leonardo Rivas,CIN,24,AA,121,61,0.182,0.127,0.085,0.083,0.619,0.222,0.206,0.286,0.333,0.091,3,4,0,6,2,0.398,0.373,0.229,2022-06-01
sa872551-AA-MIN,Leobaldo Cabrera,MIN,24,AA,89,46,0.326,0.158,0.152,0.124,0.572,0.163,0.145,0.27,0.303,0.154,4,0,0,4,1,0.565,0.283,0.152,2022-06-01
sa872803-AA-TEX,Sandro Fabian,TEX,24,AA,110,81,0.236,0.213,0.109,0.1,0.713,0.206,0.191,0.309,0.404,0.167,5,3,1,0,0,0.455,0.364,0.182,2022-06-01
sa874178-AA-WSN,Mitch Longo,WSN,27,AA,115,80,0.243,0.159,0.142,0.061,0.661,0.267,0.224,0.278,0.383,0.121,4,5,0,1,2,0.423,0.372,0.205,2022-06-01
sa874241-AA-CHW,Cornelius Randolph,CHW,25,AA,38,5,0.5,0.059,0.221,0.105,0.387,0.267,0.118,0.211,0.176,0.0,0,2,0,0,1,0.2,0.467,0.333,2022-06-01
sa874806-AA-NYY,Blake Perkins,NYY,25,AA,129,144,0.248,0.296,0.138,0.14,0.92,0.306,0.259,0.364,0.556,0.188,6,10,2,12,1,0.416,0.364,0.221,2022-06-01
sa875030-AA-CHW,Jagger Rusconi,CHW,25,AA,101,92,0.267,0.049,0.134,0.129,0.681,0.368,0.256,0.376,0.305,0.0,0,4,0,0,3,0.175,0.544,0.281,2022-06-01
sa877504-AA-BOS,Izzy Wilson,BOS,24,AA,115,19,0.339,0.097,0.188,0.096,0.422,0.161,0.117,0.209,0.214,0.074,2,4,0,2,1,0.422,0.438,0.141,2022-06-01
sa913367-AA-KCR,Gavin Stupienski,KCR,28,AA,21,24,0.286,0.05,0.136,0.0,0.488,0.286,0.2,0.238,0.25,0.0,0,1,0,1,0,0.357,0.571,0.071,2022-06-01
sa914314-AA-ARI,Jeison Guzman,ARI,23,AA,26,112,0.231,0.208,0.198,0.038,0.846,0.353,0.292,0.346,0.5,0.2,1,2,0,1,0,0.278,0.5,0.222,2022-06-01
sa915613-AA-STL,Nick Dunn,STL,25,AA,119,74,0.101,0.1,0.038,0.134,0.656,0.23,0.22,0.336,0.32,0.054,2,4,0,2,1,0.42,0.409,0.17,2022-06-01
sa915700-AA-SFG,Michael Gigliotti,SFG,26,AA,129,97,0.302,0.088,0.118,0.163,0.671,0.323,0.216,0.367,0.304,0.077,2,1,1,11,2,0.406,0.375,0.219,2022-06-01
sa915707-AA-MIN,Kevin Merrell,MIN,26,AA,58,68,0.172,0.189,0.15,0.052,0.715,0.244,0.245,0.281,0.434,0.188,3,1,0,2,1,0.372,0.465,0.163,2022-06-01
sa915708-AA-DET,Dane Myers,DET,26,AA,93,115,0.269,0.218,0.098,0.043,0.795,0.316,0.264,0.312,0.483,0.217,5,4,0,6,2,0.377,0.41,0.213,2022-06-01
sa915868-AA-TEX,Matt Whatley,TEX,26,AA,40,49,0.275,0.205,0.162,0.025,0.635,0.231,0.205,0.225,0.41,0.2,2,2,0,1,0,0.37,0.519,0.111,2022-06-01
sa916848-AA-SFG,Franklin Labour,SFG,24,AA,99,99,0.414,0.238,0.168,0.121,0.732,0.282,0.19,0.303,0.429,0.357,5,3,1,1,0,0.318,0.409,0.273,2022-06-01
sa916849-AA-SFG,Diego Rincones,SFG,23,AA,129,18,0.155,0.017,0.102,0.047,0.426,0.21,0.176,0.233,0.193,0.0,0,2,0,0,0,0.449,0.398,0.153,2022-06-01
sa916969-AA-NYY,Jesus Bastidas,NYY,23,AA,122,106,0.262,0.132,0.136,0.098,0.74,0.342,0.264,0.344,0.396,0.097,3,5,0,4,3,0.413,0.373,0.213,2022-06-01
sa916976-AA-NYY,Andres Chaparro,NYY,23,AA,110,113,0.218,0.242,0.115,0.073,0.784,0.235,0.232,0.309,0.475,0.189,7,3,0,0,0,0.5,0.378,0.122,2022-06-01
sa917075-AA-MIL,Yeison Coca,MIL,23,AA,45,55,0.311,0.105,0.153,0.133,0.578,0.28,0.184,0.289,0.289,0.0,0,4,0,0,1,0.125,0.458,0.417,2022-06-01
sa917107-AA-TBR,Roberto Alvarez,TBR,22,AA,63,61,0.286,0.103,0.114,0.063,0.613,0.325,0.224,0.286,0.328,0.0,0,2,2,0,0,0.385,0.462,0.154,2022-06-01
sa917127-AA-PHI,Jonathan Guzman,PHI,22,AA,164,39,0.238,0.08,0.114,0.067,0.507,0.243,0.187,0.241,0.267,0.029,1,5,2,4,2,0.318,0.536,0.145,2022-06-01
sa917150-AA-CIN,Jonathan Willems,CIN,23,AA,4,4,0.5,0.0,0.188,0.0,0.25,0.0,0.0,0.25,0.0,0.0,0,0,0,0,0,0.0,0.0,1.0,2022-06-01
sa917302-AA-CHC,Yonathan Perlaza,CHC,23,AA,146,77,0.267,0.184,0.122,0.137,0.669,0.212,0.184,0.301,0.368,0.15,6,5,0,4,1,0.476,0.381,0.143,2022-06-01
sa917669-AA-STL,Julio E. Rodriguez,STL,25,AA,69,86,0.159,0.109,0.096,0.188,0.671,0.214,0.2,0.362,0.309,0.133,2,0,0,1,0,0.341,0.5,0.159,2022-06-01
sa917753-AA-NYM,Willy Taveras,NYM,24,AA,0,-100,0.0,0.0,,0.0,0.0,0.0,0.0,0.0,0.0,,0,0,0,0,0,,,,2022-06-01
sa917767-AA-PIT,Lolo Sanchez,PIT,23,AA,134,116,0.164,0.101,0.056,0.164,0.746,0.302,0.257,0.388,0.358,0.047,2,5,0,6,1,0.5,0.314,0.186,2022-06-01
sa917822-AA-TOR,Luis De Los Santos,TOR,24,AA,149,87,0.228,0.128,0.141,0.074,0.685,0.31,0.248,0.309,0.376,0.067,2,9,1,3,1,0.294,0.471,0.235,2022-06-01
sa917939-AA-ARI,Andy Yerzy,ARI,23,AA,144,81,0.229,0.137,0.109,0.125,0.704,0.292,0.234,0.333,0.371,0.086,3,8,0,1,0,0.385,0.396,0.22,2022-06-01
sa918131-AA-CHW,Tyler Neslony,CHW,28,AA,174,160,0.178,0.31,0.095,0.092,1.017,0.348,0.316,0.391,0.626,0.225,9,15,3,5,2,0.325,0.48,0.195,2022-06-01
sa918676-AA-OAK,Logan Davidson,OAK,24,AA,165,93,0.236,0.182,0.144,0.079,0.773,0.314,0.264,0.327,0.446,0.176,6,9,0,2,0,0.309,0.427,0.264,2022-06-01
sa918712-AA-LAA,Ryan Aguilar,LAA,27,AA,129,117,0.271,0.194,0.14,0.163,0.817,0.324,0.25,0.372,0.444,0.217,5,4,1,1,2,0.329,0.443,0.229,2022-06-01
sa918890-AA-KCR,John Rave,KCR,24,AA,149,100,0.201,0.114,0.107,0.148,0.756,0.326,0.268,0.374,0.382,0.1,3,3,1,7,4,0.319,0.511,0.17,2022-06-01
sa918983-AA-PIT,Matt Fraizer,PIT,24,AA,162,64,0.309,0.132,0.17,0.049,0.601,0.293,0.211,0.259,0.342,0.07,3,9,1,6,0,0.43,0.39,0.18,2022-06-01
sa923039-AA-ATL,Jefrey Ramos,ATL,23,AA,59,48,0.169,0.1,0.116,0.085,0.536,0.179,0.16,0.276,0.26,0.062,1,2,0,0,0,0.432,0.486,0.081,2022-06-01
sa943817-AA-MIA,Jerar Encarnacion,MIA,24,AA,136,164,0.257,0.225,0.165,0.096,1.01,0.449,0.358,0.426,0.583,0.267,8,3,0,4,2,0.353,0.424,0.224,2022-06-01
10542-AA-NYY,Derek Dietrich,NYY,32,AA,77,200,0.299,0.419,0.144,0.117,1.131,0.344,0.29,0.421,0.71,0.259,7,5,0,0,0,0.711,0.105,0.184,2022-06-01
13006-AA-SDP,Mitch Walding,SDP,29,AA,29,22,0.276,0.045,0.134,0.241,0.367,0.071,0.045,0.276,0.091,0.0,0,1,0,1,0,0.5,0.429,0.071,2022-06-01
15214-AA-SDP,Brandon Dixon,SDP,30,AA,78,148,0.231,0.303,0.159,0.115,1.019,0.356,0.318,0.397,0.621,0.192,5,3,1,5,0,0.52,0.3,0.18,2022-06-01
16098-AA-WSN,Taylor Gushue,WSN,28,AA,77,176,0.182,0.344,0.098,0.195,1.022,0.244,0.262,0.416,0.607,0.25,6,3,0,0,0,0.511,0.277,0.213,2022-06-01
16622-AA-MIL,Luis Urias,MIL,25,AA,31,26,0.226,0.037,0.13,0.097,0.443,0.2,0.148,0.258,0.185,0.0,0,1,0,0,0,0.368,0.474,0.158,2022-06-01
17022-AA-STL,Edmundo Sosa,STL,26,AA,9,126,0.0,0.0,0.038,0.0,0.819,0.375,0.375,0.444,0.375,0.0,0,0,0,0,0,0.25,0.5,0.25,2022-06-01
17837-AA-MIL,Jakson Reetz,MIL,26,AA,124,172,0.274,0.343,0.123,0.113,1.057,0.345,0.294,0.419,0.637,0.303,10,5,0,0,1,0.493,0.313,0.194,2022-06-01
19956-AA-PHI,Mickey Moniak,PHI,24,AA,25,177,0.24,0.261,0.154,0.04,1.052,0.471,0.391,0.4,0.652,0.167,1,1,1,0,0,0.333,0.389,0.278,2022-06-01
20540-AA-MIA,Jose Devers,MIA,22,AA,17,-42,0.353,0.067,0.174,0.059,0.251,0.1,0.067,0.118,0.133,0.0,0,1,0,1,0,0.5,0.4,0.1,2022-06-01
21304-AA-CIN,Mark Kolozsvary,CIN,26,AA,15,78,0.267,0.0,0.164,0.267,0.5,0.167,0.1,0.4,0.1,0.0,0,0,0,0,0,0.667,0.167,0.167,2022-06-01
21501-AA-MIN,Trevor Larnach,MIN,25,AA,9,31,0.333,0.375,0.179,0.111,0.722,0.0,0.125,0.222,0.5,0.5,1,0,0,0,0,0.4,0.2,0.4,2022-06-01
21735-AA-KCR,Sebastian Rivero,KCR,23,AA,83,113,0.205,0.233,0.141,0.084,0.856,0.315,0.274,0.349,0.507,0.12,3,8,0,0,0,0.455,0.382,0.164,2022-06-01
21897-AA-CHC,Christopher Morel,CHC,23,AA,122,145,0.246,0.259,0.148,0.082,0.945,0.366,0.306,0.38,0.565,0.226,7,5,1,3,3,0.408,0.382,0.211,2022-06-01
22244-AA-PIT,Jack Suwinski,PIT,23,AA,57,197,0.246,0.333,0.119,0.088,1.107,0.441,0.353,0.421,0.686,0.2,3,8,0,1,0,0.417,0.361,0.222,2022-06-01
22254-AA-HOU,Joe Perez,HOU,22,AA,57,46,0.298,0.078,0.092,0.105,0.555,0.273,0.196,0.281,0.275,0.077,1,1,0,0,0,0.406,0.375,0.219,2022-06-01
7168-AA-ARI,Juan Centeno,ARI,32,AA,108,121,0.176,0.227,0.091,0.046,0.884,0.319,0.299,0.358,0.526,0.194,6,4,0,0,0,0.397,0.436,0.167,2022-06-01
8418-AA-WSN,Ehire Adrianza,WSN,32,AA,20,239,0.15,0.25,0.062,0.15,1.238,0.5,0.438,0.55,0.688,0.2,1,1,0,0,0,0.385,0.308,0.308,2022-06-01
sa1053018-AA-CIN,TJ Hopkins,CIN,25,AA,177,103,0.271,0.176,0.122,0.141,0.762,0.302,0.236,0.35,0.412,0.146,6,8,0,5,4,0.432,0.326,0.242,2022-06-01
sa1053075-AA-OAK,Marty Bechina,OAK,25,AA,22,130,0.182,0.158,0.067,0.136,0.883,0.4,0.316,0.409,0.474,0.0,0,3,0,0,2,0.467,0.333,0.2,2022-06-01
sa1115884-AA-PIT,Carter Bins,PIT,23,AA,51,37,0.412,0.152,0.141,0.078,0.498,0.208,0.13,0.216,0.283,0.1,1,4,0,2,0,0.417,0.417,0.167,2022-06-01
sa1115890-AA-ARI,Dominic Canzone,ARI,24,AA,45,192,0.089,0.368,0.095,0.156,1.204,0.355,0.368,0.467,0.737,0.25,3,5,0,0,0,0.364,0.455,0.182,2022-06-01
sa1116023-AA-PIT,Will Matthiessen,PIT,24,AA,42,38,0.333,0.171,0.182,0.024,0.532,0.2,0.171,0.19,0.341,0.182,2,1,0,0,0,0.407,0.37,0.222,2022-06-01
sa1169769-AA-CIN,Eric Yang,CIN,24,AA,69,43,0.275,0.068,0.109,0.13,0.517,0.25,0.169,0.279,0.237,0.0,0,4,0,1,0,0.3,0.5,0.2,2022-06-01
sa1169919-AA-BOS,Nick Sogard,BOS,24,AA,132,117,0.197,0.089,0.09,0.136,0.752,0.345,0.277,0.386,0.366,0.061,2,4,0,6,1,0.384,0.419,0.198,2022-06-01
sa1169940-AA-MIN,Kennie Taylor,MIN,25,AA,27,-9,0.444,0.0,0.216,0.185,0.268,0.1,0.045,0.222,0.045,0.0,0,0,0,0,0,0.3,0.6,0.1,2022-06-01
sa1169956-AA-TBR,Logan Allen,TBR,23,AA,13,90,0.231,0.3,0.122,0.077,0.708,0.0,0.1,0.308,0.4,0.25,1,0,0,1,0,0.571,0.286,0.143,2022-06-01
sa1169978-AA-CIN,Matt Lloyd,CIN,26,AA,86,66,0.291,0.147,0.145,0.116,0.624,0.25,0.187,0.291,0.333,0.091,2,5,0,1,0,0.458,0.396,0.146,2022-06-01
sa1170003-AA-TBR,Brett Wisely,TBR,23,AA,129,134,0.24,0.252,0.122,0.101,0.912,0.362,0.296,0.364,0.548,0.122,5,8,3,7,5,0.482,0.318,0.2,2022-06-01
sa1170010-AA-MIL,Cam Devanney,MIL,25,AA,144,96,0.174,0.171,0.138,0.083,0.753,0.28,0.256,0.326,0.426,0.139,5,7,0,2,2,0.353,0.451,0.196,2022-06-01
sa1170340-AA-MIL,Terence Doston,MIL,21,AA,5,0,0.2,0.0,0.25,0.0,0.4,0.25,0.2,0.2,0.2,0.0,0,0,0,0,0,0.5,0.25,0.25,2022-06-01
sa1170495-AA-TBR,Hill Alexander,TBR,26,AA,89,53,0.315,0.134,0.158,0.056,0.6,0.283,0.207,0.258,0.341,0.074,2,5,0,1,1,0.509,0.321,0.17,2022-06-01
sa1170516-AA-MIN,Alex Isola,MIN,23,AA,131,118,0.206,0.162,0.074,0.137,0.849,0.346,0.297,0.389,0.459,0.128,5,3,0,0,1,0.453,0.302,0.244,2022-06-01
sa1170874-AA-PIT,Dylan Shockley,PIT,25,AA,30,18,0.433,0.038,0.252,0.067,0.387,0.231,0.115,0.233,0.154,0.0,0,1,0,1,0,0.25,0.583,0.167,2022-06-01
sa3002831-AA-SEA,Tanner Kirwer,SEA,26,AA,117,86,0.222,0.062,0.137,0.137,0.677,0.324,0.247,0.368,0.309,0.036,1,3,0,11,1,0.389,0.458,0.153,2022-06-01
sa3002878-AA-STL,Irving Lopez,STL,27,AA,80,60,0.175,0.056,0.078,0.088,0.594,0.281,0.225,0.312,0.282,0.0,0,4,0,1,1,0.357,0.429,0.214,2022-06-01
sa3003183-AA-OAK,Marcos Brito,OAK,22,AA,1,-100,0.0,0.0,0.0,0.0,0.0,0.0,0.0,0.0,0.0,0.0,0,0,0,0,0,0.0,1.0,0.0,2022-06-01
sa3003221-AA-OAK,Jordan Diaz,OAK,21,AA,173,107,0.133,0.223,0.11,0.069,0.838,0.292,0.28,0.335,0.503,0.194,6,17,0,0,0,0.23,0.556,0.215,2022-06-01
sa3003246-AA-KCR,Maikel Garcia,KCR,22,AA,205,111,0.176,0.08,0.054,0.141,0.787,0.381,0.305,0.402,0.385,0.0,0,12,1,16,2,0.248,0.489,0.263,2022-06-01
sa3003276-AA-TOR,Steward Berroa,TOR,23,AA,60,45,0.283,0.091,0.138,0.083,0.523,0.243,0.182,0.25,0.273,0.067,1,0,1,7,0,0.405,0.595,0.0,2022-06-01
sa3003311-AA-CLE,Marcos Gonzalez,CLE,22,AA,91,97,0.242,0.136,0.126,0.077,0.717,0.328,0.259,0.322,0.395,0.091,2,5,0,0,0,0.393,0.411,0.196,2022-06-01
sa3003377-AA-HOU,Jose Alvarez,HOU,22,AA,62,106,0.323,0.105,0.157,0.065,0.792,0.472,0.316,0.371,0.421,0.1,1,3,0,2,0,0.27,0.459,0.27,2022-06-01
sa3003386-AA-HOU,Yainer Diaz,HOU,23,AA,201,112,0.129,0.157,0.127,0.07,0.839,0.35,0.319,0.363,0.476,0.105,4,11,3,1,0,0.241,0.532,0.228,2022-06-01
sa3003436-AA-TEX,Trey Hair,TEX,27,AA,105,85,0.19,0.223,0.174,0.086,0.756,0.243,0.234,0.298,0.457,0.167,5,6,0,2,1,0.4,0.387,0.213,2022-06-01
sa3003961-AA-STL,Chase Pinder,STL,26,AA,81,120,0.222,0.191,0.065,0.123,0.868,0.347,0.294,0.383,0.485,0.136,3,4,0,0,2,0.431,0.373,0.196,2022-06-01
sa3003964-AA-KCR,Ryan Grotjohn,KCR,27,AA,35,15,0.514,0.1,0.194,0.143,0.429,0.182,0.1,0.229,0.2,0.143,1,0,0,1,0,0.583,0.25,0.167,2022-06-01
sa3003969-AA-SDP,Chandler Seagle,SDP,26,AA,111,72,0.216,0.093,0.11,0.081,0.651,0.306,0.237,0.321,0.33,0.05,1,6,0,2,1,0.278,0.5,0.222,2022-06-01
sa3004048-AA-SDP,Tirso Ornelas,SDP,22,AA,137,63,0.19,0.087,0.09,0.051,0.638,0.3,0.252,0.299,0.339,0.095,2,5,0,2,0,0.208,0.604,0.188,2022-06-01
sa3004051-AA-CHW,Lenyn Sosa,CHW,22,AA,207,148,0.14,0.222,0.084,0.068,0.958,0.356,0.341,0.396,0.562,0.179,10,7,2,0,0,0.357,0.414,0.229,2022-06-01
sa3004066-AA-SDP,Robbie Podorsky,SDP,27,AA,45,174,0.2,0.225,0.127,0.067,1.08,0.516,0.4,0.455,0.625,0.0,0,5,2,2,0,0.333,0.433,0.233,2022-06-01
sa3004068-AA-CLE,Chris Roller,CLE,25,AA,44,70,0.182,0.132,0.117,0.068,0.621,0.233,0.211,0.279,0.342,0.083,1,2,0,1,1,0.4,0.367,0.233,2022-06-01
sa3004264-AA-LAA,Livan Soto,LAA,22,AA,196,90,0.143,0.065,0.084,0.107,0.701,0.322,0.28,0.356,0.345,0.02,1,6,1,4,3,0.357,0.469,0.175,2022-06-01
sa3004506-AA-NYM,Matt Winaker,NYM,26,AA,101,50,0.277,0.086,0.139,0.119,0.502,0.185,0.136,0.28,0.222,0.036,1,4,0,0,0,0.519,0.259,0.222,2022-06-01
sa3004722-AA-ATL,Jacob Pearson,ATL,24,AA,85,50,0.235,0.114,0.117,0.153,0.554,0.212,0.157,0.282,0.271,0.0,0,8,0,3,0,0.4,0.48,0.12,2022-06-01
sa3004726-AA-PHI,Chris Sharpe,PHI,26,AA,36,35,0.306,0.034,0.067,0.167,0.416,0.167,0.103,0.278,0.138,0.0,0,1,0,0,0,0.333,0.5,0.167,2022-06-01
sa3004817-AA-SEA,Jose Caballero,SEA,25,AA,33,72,0.242,0.16,0.078,0.242,0.613,0.125,0.12,0.333,0.28,0.1,1,1,0,1,0,0.588,0.235,0.176,2022-06-01
sa3004840-AA-SEA,Jack Larsen,SEA,27,AA,141,95,0.22,0.138,0.099,0.163,0.741,0.298,0.241,0.362,0.379,0.111,3,5,1,3,1,0.321,0.44,0.238,2022-06-01
sa3004934-AA-ATL,Riley Delgado,ATL,27,AA,123,114,0.146,0.055,0.083,0.081,0.78,0.385,0.327,0.398,0.382,0.04,1,3,0,1,0,0.275,0.516,0.209,2022-06-01
sa3005081-AA-LAD,Jacob Amaya,LAD,23,AA,175,137,0.114,0.288,0.07,0.154,0.957,0.269,0.281,0.389,0.568,0.17,9,9,3,3,1,0.421,0.357,0.222,2022-06-01
sa3005082-AA-HOU,Wilyer Abreu,HOU,23,AA,196,129,0.235,0.195,0.1,0.23,0.86,0.309,0.242,0.423,0.436,0.154,6,11,0,12,0,0.386,0.356,0.257,2022-06-01
sa3005131-AA-CHC,Luis Vazquez,CHC,22,AA,150,51,0.233,0.112,0.102,0.08,0.574,0.237,0.194,0.268,0.306,0.094,3,4,1,0,4,0.34,0.511,0.149,2022-06-01
sa3005152-AA-MIA,Jan Mercado,MIA,22,AA,8,-59,0.375,0.0,0.133,0.125,0.125,0.0,0.0,0.125,0.0,0.0,0,0,0,0,0,0.75,0.25,0.0,2022-06-01
sa3005271-AA-TEX,Ezequiel Duran,TEX,23,AA,182,128,0.17,0.263,0.138,0.066,0.932,0.344,0.311,0.357,0.575,0.117,7,21,1,7,1,0.448,0.306,0.246,2022-06-01
sa3005308-AA-TEX,Diosbel Arias,TEX,25,AA,58,61,0.103,0.14,0.107,0.086,0.613,0.167,0.18,0.293,0.32,0.154,2,1,0,1,1,0.317,0.488,0.195,2022-06-01
sa3005373-AA-LAA,Braxton Martinez,LAA,28,AA,161,98,0.317,0.19,0.117,0.137,0.744,0.309,0.219,0.335,0.409,0.132,5,11,0,0,1,0.452,0.286,0.262,2022-06-01
sa3005582-AA-PIT,Liover Peguero,PIT,21,AA,180,130,0.206,0.2,0.145,0.039,0.853,0.377,0.312,0.341,0.512,0.077,4,14,4,11,1,0.397,0.382,0.221,2022-06-01
sa3005613-AA-MIL,Felix Valerio,MIL,21,AA,171,85,0.152,0.173,0.074,0.082,0.73,0.252,0.247,0.31,0.42,0.105,6,6,1,14,3,0.46,0.395,0.145,2022-06-01
sa3005788-AA-CHW,Jose Rodriguez,CHW,21,AA,184,61,0.158,0.088,0.107,0.06,0.613,0.279,0.235,0.29,0.324,0.019,1,8,2,11,2,0.377,0.5,0.123,2022-06-01
sa3005948-AA-NYM,Juan Loyo,NYM,23,AA,1,377,0.0,0.0,0.0,0.0,1.0,0.0,0.0,1.0,0.0,0.0,0,0,0,0,0,0.0,0.0,0.0,2022-06-01
sa3006660-AA-TBR,Tyler Frank,TBR,25,AA,20,0,0.2,0.0,0.164,0.0,0.411,0.25,0.211,0.2,0.211,0.0,0,0,0,0,0,0.133,0.533,0.333,2022-06-01
sa3006666-AA-HOU,Ross Adolph,HOU,25,AA,109,153,0.266,0.141,0.115,0.275,0.885,0.359,0.239,0.505,0.38,0.214,3,1,0,3,2,0.333,0.357,0.31,2022-06-01
sa3006671-AA-BOS,Devlin Granberg,BOS,26,AA,151,160,0.126,0.177,0.102,0.126,0.929,0.365,0.315,0.437,0.492,0.029,1,11,4,4,1,0.337,0.49,0.173,2022-06-01
sa3006674-AA-SEA,Jake Anchia,SEA,25,AA,99,24,0.323,0.022,0.163,0.061,0.472,0.3,0.198,0.253,0.22,0.0,0,2,0,0,0,0.393,0.446,0.161,2022-06-01
sa3006677-AA-TBR,Jacson McGowan,TBR,25,AA,19,194,0.474,0.333,0.266,0.0,1.143,0.75,0.389,0.421,0.722,0.167,1,3,0,0,0,0.667,0.111,0.222,2022-06-01
sa3006678-AA-NYM,Manny Rodriguez,NYM,25,AA,55,39,0.4,0.208,0.151,0.036,0.54,0.207,0.151,0.182,0.358,0.133,2,3,1,0,0,0.5,0.3,0.2,2022-06-01
sa3006715-AA-COL,Coco Montes,COL,25,AA,60,96,0.217,0.02,0.085,0.167,0.649,0.333,0.245,0.383,0.265,0.0,0,1,0,2,0,0.417,0.389,0.194,2022-06-01
sa3006727-AA-TOR,Chris Bec,TOR,26,AA,42,95,0.286,0.029,0.113,0.19,0.646,0.364,0.235,0.381,0.265,0.0,0,1,0,3,3,0.455,0.318,0.227,2022-06-01
sa3006858-AA-CLE,Jonathan Engelmann,CLE,25,AA,75,22,0.333,0.088,0.181,0.053,0.434,0.19,0.132,0.213,0.221,0.059,1,3,0,1,0,0.436,0.333,0.231,2022-06-01
sa3006887-AA-NYM,Ronny Mauricio,NYM,21,AA,176,96,0.256,0.198,0.153,0.034,0.733,0.308,0.251,0.284,0.449,0.105,6,13,1,7,2,0.467,0.393,0.139,2022-06-01
sa3006911-AA-DET,Eric De La Rosa,DET,25,AA,108,61,0.407,0.074,0.2,0.056,0.571,0.377,0.211,0.287,0.284,0.0,0,5,1,5,2,0.308,0.462,0.231,2022-06-01
sa3006912-AA-ATL,CJ Alexander,ATL,25,AA,146,103,0.233,0.215,0.131,0.062,0.797,0.298,0.267,0.315,0.481,0.205,8,5,0,7,1,0.39,0.41,0.2,2022-06-01
sa3006927-AA-OAK,Chase Calabuig,OAK,26,AA,170,99,0.153,0.119,0.072,0.129,0.748,0.296,0.259,0.371,0.378,0.1,3,6,1,0,0,0.256,0.513,0.231,2022-06-01
sa3006938-AA-ATL,Logan Brown,ATL,25,AA,64,34,0.219,0.067,0.128,0.062,0.517,0.261,0.2,0.25,0.267,0.0,0,2,1,0,0,0.289,0.667,0.044,2022-06-01
sa3007010-AA-TEX,Josh Stowers,TEX,25,AA,131,78,0.244,0.109,0.149,0.099,0.67,0.299,0.227,0.333,0.336,0.054,2,4,1,9,1,0.487,0.303,0.211,2022-06-01
sa3007012-AA-TOR,John Aiello,TOR,25,AA,72,121,0.306,0.203,0.156,0.083,0.807,0.359,0.266,0.338,0.469,0.231,3,4,0,1,0,0.31,0.524,0.167,2022-06-01
sa3007054-AA-ATL,Andrew Moritz,ATL,25,AA,98,82,0.265,0.062,0.087,0.122,0.659,0.351,0.247,0.351,0.309,0.0,0,5,0,1,0,0.364,0.382,0.255,2022-06-01
sa3007074-AA-KCR,Nate Eaton,KCR,25,AA,159,86,0.182,0.129,0.113,0.069,0.731,0.309,0.271,0.331,0.4,0.091,4,4,1,12,1,0.4,0.409,0.191,2022-06-01
sa3007289-AA-KCR,Brhet Bewley,KCR,25,AA,42,59,0.262,0.146,0.149,0.024,0.652,0.31,0.244,0.262,0.39,0.1,1,3,0,0,0,0.333,0.233,0.433,2022-06-01
sa3007312-AA-LAD,James Outman,LAD,25,AA,207,133,0.314,0.273,0.122,0.126,0.933,0.376,0.278,0.382,0.551,0.282,11,13,1,5,1,0.355,0.336,0.309,2022-06-01
sa3007501-AA-STL,Jonah Davis,STL,24,AA,88,52,0.443,0.075,0.179,0.159,0.497,0.222,0.104,0.318,0.179,0.1,1,2,0,1,0,0.37,0.37,0.259,2022-06-01
sa3007502-AA-PHI,Matt Kroon,PHI,25,AA,6,-34,0.5,0.0,0.241,0.167,0.167,0.0,0.0,0.167,0.0,0.0,0,0,0,0,1,0.0,1.0,0.0,2022-06-01
sa3007503-AA-ARI,Nick Dalesandro,ARI,25,AA,97,69,0.268,0.068,0.137,0.082,0.649,0.355,0.261,0.32,0.33,0.083,1,3,0,9,1,0.2,0.567,0.233,2022-06-01
sa3007515-AA-OAK,Devin Foyle,OAK,25,AA,121,91,0.174,0.115,0.09,0.116,0.721,0.296,0.25,0.355,0.365,0.065,2,6,0,0,0,0.373,0.41,0.217,2022-06-01
sa3007516-AA-OAK,Jonah Bride,OAK,26,AA,87,147,0.126,0.288,0.033,0.126,1.005,0.317,0.315,0.402,0.603,0.19,4,9,0,0,0,0.328,0.469,0.203,2022-06-01
sa3007519-AA-PHI,Logan O'Hoppe,PHI,22,AA,170,158,0.147,0.238,0.085,0.124,0.937,0.309,0.294,0.406,0.531,0.151,8,8,1,4,1,0.473,0.402,0.125,2022-06-01
sa3007631-AA-NYY,Max Burt,NYY,25,AA,110,50,0.3,0.137,0.154,0.073,0.551,0.206,0.168,0.245,0.305,0.107,3,4,0,8,0,0.424,0.455,0.121,2022-06-01
sa3007633-AA-PIT,Brendt Citta,PIT,25,AA,74,82,0.297,0.164,0.163,0.068,0.672,0.295,0.224,0.284,0.388,0.125,2,3,1,1,0,0.364,0.455,0.182,2022-06-01
sa3007747-AA-NYY,Mickey Gasper,NYY,26,AA,53,136,0.245,0.114,0.052,0.151,0.824,0.4,0.295,0.415,0.409,0.067,1,2,0,0,1,0.5,0.267,0.233,2022-06-01
sa3007788-AA-SFG,Sean Roby,SFG,23,AA,161,113,0.391,0.279,0.19,0.075,0.802,0.301,0.231,0.292,0.51,0.316,12,3,1,0,0,0.447,0.365,0.188,2022-06-01
sa3007823-AA-SDP,Connor Kaiser,SDP,25,AA,62,45,0.258,0.096,0.12,0.113,0.548,0.222,0.173,0.279,0.269,0.1,1,2,0,4,0,0.278,0.389,0.333,2022-06-01
sa3007869-AA-BAL,Cody Roberts,BAL,26,AA,94,89,0.277,0.149,0.123,0.064,0.689,0.31,0.241,0.298,0.391,0.097,3,4,0,0,0,0.508,0.295,0.197,2022-06-01
sa3007870-AA-SDP,Connor Hollis,SDP,27,AA,188,140,0.191,0.163,0.106,0.16,0.922,0.389,0.32,0.439,0.484,0.152,5,8,1,9,6,0.282,0.47,0.248,2022-06-01
sa3007872-AA-LAD,Hunter Feduccia,LAD,25,AA,105,129,0.2,0.279,0.088,0.162,0.927,0.267,0.267,0.381,0.547,0.233,7,3,0,0,0,0.455,0.288,0.258,2022-06-01
sa3008030-AA-BAL,AJ Graffanino,BAL,24,AA,12,35,0.333,0.0,0.1,0.0,0.5,0.375,0.25,0.25,0.25,0.0,0,0,0,1,0,0.0,0.5,0.5,2022-06-01
sa3008076-AA-PHI,Madison Stokes,PHI,26,AA,86,68,0.407,0.16,0.179,0.093,0.604,0.289,0.173,0.271,0.333,0.167,2,6,0,0,0,0.308,0.436,0.256,2022-06-01
sa3008080-AA-PIT,Connor Scott,PIT,22,AA,136,110,0.235,0.13,0.126,0.066,0.766,0.385,0.293,0.343,0.423,0.028,1,9,2,5,2,0.391,0.413,0.196,2022-06-01
sa3008181-AA-COL,Hunter Stovall,COL,25,AA,103,61,0.194,0.07,0.096,0.136,0.553,0.227,0.186,0.297,0.256,0.056,1,3,0,6,0,0.273,0.576,0.152,2022-06-01
sa3008183-AA-COL,Jimmy Herron,COL,25,AA,120,137,0.167,0.237,0.098,0.142,0.852,0.239,0.237,0.378,0.474,0.167,6,5,0,3,1,0.486,0.311,0.203,2022-06-01
sa3008238-AA-SDP,Korry Howell,SDP,23,AA,139,121,0.309,0.234,0.152,0.158,0.859,0.339,0.234,0.391,0.467,0.138,4,5,4,8,1,0.446,0.354,0.2,2022-06-01
sa3008247-AA-CLE,Bo Naylor,CLE,22,AA,151,138,0.212,0.169,0.07,0.192,0.843,0.329,0.263,0.411,0.432,0.083,3,7,2,8,1,0.409,0.409,0.182,2022-06-01
sa3008282-AA-CHC,Andy Weber,CHC,24,AA,98,130,0.245,0.089,0.138,0.082,0.853,0.485,0.356,0.408,0.444,0.0,0,8,0,3,1,0.406,0.328,0.266,2022-06-01
sa3008792-AA-ARI,Dairon Cuevas,ARI,20,AA,10,10,0.4,0.0,0.258,0.0,0.444,0.4,0.222,0.222,0.222,0.0,0,0,0,1,0,0.2,0.8,0.0,2022-06-01
sa3009871-AA-SFG,Will Wilson,SFG,23,AA,86,133,0.256,0.25,0.133,0.163,0.847,0.267,0.236,0.36,0.486,0.217,5,3,0,1,1,0.46,0.42,0.12,2022-06-01
sa3009873-AA-TOR,Tanner Morris,TOR,24,AA,170,161,0.159,0.159,0.059,0.176,0.925,0.368,0.319,0.447,0.478,0.125,5,5,1,1,3,0.364,0.409,0.227,2022-06-01
sa3009875-AA-MIA,J.D. Orr,MIA,25,AA,29,120,0.138,0.048,0.066,0.276,0.734,0.294,0.238,0.448,0.286,0.0,0,1,0,2,0,0.438,0.438,0.125,2022-06-01
sa3009878-AA-NYM,Luke Ritter,NYM,25,AA,175,120,0.331,0.195,0.131,0.126,0.791,0.353,0.242,0.354,0.436,0.2,6,9,1,1,1,0.333,0.422,0.244,2022-06-01
sa3009886-AA-NYM,Zach Ashford,NYM,25,AA,116,103,0.259,0.147,0.091,0.103,0.728,0.329,0.245,0.336,0.392,0.083,2,7,1,3,1,0.343,0.471,0.186,2022-06-01
sa3009889-AA-BAL,Joseph Ortiz,BAL,23,AA,164,79,0.226,0.146,0.098,0.079,0.647,0.255,0.208,0.293,0.354,0.079,3,10,1,0,1,0.358,0.406,0.236,2022-06-01
sa3009957-AA-COL,Aaron Schunk,COL,24,AA,163,96,0.196,0.208,0.114,0.067,0.738,0.27,0.242,0.288,0.45,0.093,5,14,1,2,1,0.462,0.41,0.128,2022-06-01
sa3009965-AA-COL,Brenton Doyle,COL,24,AA,172,95,0.308,0.19,0.192,0.047,0.727,0.317,0.247,0.291,0.437,0.212,7,7,1,10,1,0.314,0.448,0.238,2022-06-01
sa3010021-AA-LAD,Kody Hoese,LAD,24,AA,147,80,0.245,0.135,0.118,0.034,0.725,0.359,0.284,0.306,0.418,0.083,3,6,2,0,0,0.346,0.394,0.26,2022-06-01
sa3010029-AA-WSN,Jack Dunn,WSN,25,AA,94,72,0.255,0.088,0.1,0.128,0.596,0.255,0.2,0.309,0.288,0.111,2,1,0,2,0,0.316,0.509,0.175,2022-06-01
sa3010151-AA-TBR,Greg Jones,TBR,24,AA,139,87,0.353,0.189,0.146,0.086,0.711,0.319,0.213,0.309,0.402,0.167,4,9,1,17,2,0.333,0.458,0.208,2022-06-01
sa3010157-AA-COL,Daniel Cope,COL,25,AA,59,116,0.254,0.232,0.172,0.034,0.805,0.316,0.268,0.305,0.5,0.188,3,4,0,1,0,0.41,0.41,0.179,2022-06-01
sa3010161-AA-SDP,Chris Givin,SDP,25,AA,122,64,0.18,0.055,0.099,0.107,0.613,0.299,0.239,0.32,0.294,0.0,0,6,0,1,0,0.286,0.476,0.238,2022-06-01
sa3010167-AA-CLE,Ike Freeman,CLE,24,AA,42,56,0.357,0.083,0.186,0.143,0.536,0.286,0.167,0.286,0.25,0.0,0,3,0,0,0,0.429,0.333,0.238,2022-06-01
sa3010272-AA-PIT,Jared Triolo,PIT,24,AA,183,88,0.208,0.043,0.08,0.104,0.658,0.347,0.265,0.35,0.309,0.0,0,7,0,6,3,0.35,0.415,0.236,2022-06-01
sa3010278-AA-TEX,Kellen Strahm,TEX,25,AA,120,67,0.283,0.055,0.088,0.167,0.586,0.267,0.187,0.345,0.242,0.083,1,2,0,0,1,0.203,0.644,0.153,2022-06-01
sa3010279-AA-TEX,Dustin Harris,TEX,22,AA,172,97,0.215,0.195,0.122,0.105,0.78,0.274,0.248,0.337,0.443,0.163,8,5,0,8,2,0.43,0.298,0.272,2022-06-01
sa3010327-AA-HOU,Grae Kessinger,HOU,24,AA,180,70,0.217,0.143,0.096,0.15,0.638,0.202,0.177,0.318,0.32,0.089,5,4,1,11,1,0.528,0.292,0.179,2022-06-01
sa3010334-AA-MIL,Ashton McGee,MIL,23,AA,68,62,0.471,0.096,0.129,0.221,0.554,0.3,0.135,0.324,0.231,0.167,1,2,0,0,0,0.286,0.476,0.238,2022-06-01
sa3010339-AA-STL,Pedro Pages,STL,23,AA,131,117,0.298,0.238,0.124,0.16,0.869,0.328,0.257,0.374,0.495,0.25,6,7,0,1,0,0.348,0.377,0.275,2022-06-01
sa3010389-AA-CHC,Nelson Maldonado,CHC,25,AA,48,240,0.208,0.372,0.092,0.083,1.337,0.548,0.465,0.5,0.837,0.214,3,7,0,0,0,0.412,0.294,0.294,2022-06-01
sa3010393-AA-COL,Michael Toglia,COL,23,AA,189,98,0.376,0.209,0.16,0.122,0.73,0.31,0.215,0.307,0.423,0.267,8,8,1,2,0,0.323,0.398,0.28,2022-06-01
sa3010403-AA-CHC,Bryce Windham,CHC,25,AA,103,83,0.136,0.094,0.036,0.146,0.673,0.254,0.235,0.343,0.329,0.1,2,2,0,0,1,0.282,0.521,0.197,2022-06-01
sa3010586-AA-MIN,Spencer Steer,MIN,24,AA,156,141,0.147,0.285,0.096,0.09,0.976,0.318,0.307,0.385,0.591,0.148,8,13,1,1,3,0.478,0.257,0.265,2022-06-01
sa3010595-AA-NYY,Oliver Dunn,NYY,24,AA,30,292,0.3,0.5,0.122,0.133,1.495,0.667,0.462,0.533,0.962,0.4,2,5,1,2,0,0.294,0.412,0.294,2022-06-01
sa3010602-AA-PHI,Hunter Markwardt,PHI,24,AA,68,0,0.353,0.048,0.169,0.044,0.372,0.231,0.143,0.182,0.19,0.0,0,1,1,0,1,0.333,0.538,0.128,2022-06-01
sa3010692-AA-TOR,Orelvis Martinez,TOR,20,AA,161,122,0.292,0.322,0.173,0.062,0.833,0.212,0.219,0.292,0.541,0.275,14,5,0,2,1,0.526,0.289,0.186,2022-06-01
sa3010703-AA-DET,Andrew Navigato,DET,24,AA,73,134,0.137,0.141,0.108,0.055,0.852,0.352,0.328,0.384,0.469,0.087,2,3,0,3,1,0.434,0.396,0.17,2022-06-01
sa3010713-AA-HOU,Luis Guerrero,HOU,23,AA,57,-15,0.526,0.0,0.146,0.175,0.254,0.118,0.043,0.211,0.043,0.0,0,0,0,3,0,0.412,0.471,0.118,2022-06-01
sa3010862-AA-NYM,Francisco Alvarez,NYM,20,AA,179,126,0.257,0.218,0.167,0.101,0.834,0.324,0.269,0.346,0.487,0.174,8,10,0,0,0,0.414,0.405,0.18,2022-06-01
sa3010888-AA-NYY,Chad Bell,NYY,25,AA,114,108,0.395,0.14,0.181,0.123,0.751,0.431,0.26,0.351,0.4,0.19,4,2,0,0,3,0.389,0.463,0.148,2022-06-01
sa3010897-AA-BAL,Shayne Fontana,BAL,25,AA,109,157,0.284,0.176,0.098,0.193,0.911,0.412,0.294,0.44,0.471,0.211,4,3,0,1,1,0.345,0.455,0.2,2022-06-01
sa3010899-AA-MIA,Troy Johnston,MIA,25,AA,172,84,0.221,0.078,0.107,0.081,0.692,0.353,0.275,0.339,0.353,0.023,1,7,1,0,0,0.379,0.397,0.224,2022-06-01
sa3011224-AA-NYM,Antoine Duplantis,NYM,25,AA,99,3,0.283,0.066,0.128,0.051,0.381,0.175,0.132,0.184,0.198,0.034,1,1,1,0,1,0.46,0.397,0.143,2022-06-01
sa3011227-AA-BOS,Christian Koss,BOS,24,AA,161,118,0.273,0.164,0.14,0.025,0.803,0.394,0.303,0.335,0.467,0.132,5,4,3,6,1,0.352,0.509,0.139,2022-06-01
sa3011258-AA-BAL,Zach Watson,BAL,25,AA,137,54,0.358,0.117,0.196,0.102,0.554,0.268,0.175,0.263,0.292,0.071,2,4,2,2,1,0.384,0.466,0.151,2022-06-01
sa3011265-AA-HOU,Bryan Arias,HOU,25,AA,149,76,0.302,0.074,0.139,0.134,0.636,0.325,0.213,0.349,0.287,0.056,1,6,0,7,1,0.231,0.513,0.256,2022-06-01
sa3011367-AA-MIL,Taylor Floyd,MIL,24,AA,0,-100,0.0,0.0,,0.0,0.0,0.0,0.0,0.0,0.0,,0,0,0,0,0,,,,2022-06-01
sa3011414-AA-BAL,Andrew Daschbach,BAL,24,AA,143,95,0.413,0.17,0.182,0.168,0.675,0.265,0.17,0.336,0.339,0.214,6,1,0,0,0,0.519,0.315,0.167,2022-06-01
sa3011467-AA-BOS,Cameron Cannon,BOS,24,AA,97,58,0.175,0.057,0.115,0.093,0.553,0.257,0.207,0.289,0.264,0.0,0,5,0,3,0,0.5,0.338,0.162,2022-06-01
sa3011471-AA-CHW,Yolbert Sanchez,CHW,25,AA,67,155,0.104,0.02,0.05,0.194,0.88,0.409,0.353,0.507,0.373,0.0,0,1,0,0,0,0.233,0.442,0.326,2022-06-01
sa3011484-AA-BAL,Gunnar Henderson,BAL,21,AA,189,171,0.164,0.248,0.077,0.212,0.996,0.324,0.298,0.45,0.546,0.179,7,10,2,12,1,0.345,0.425,0.23,2022-06-01
sa3011656-AA-TBR,Kameron Misner,TBR,24,AA,147,125,0.367,0.235,0.158,0.204,0.84,0.333,0.217,0.388,0.452,0.241,7,6,0,9,3,0.483,0.317,0.2,2022-06-01
sa3011899-AA-MIL,Gabe Holt,MIL,24,AA,152,41,0.072,0.057,0.065,0.053,0.54,0.235,0.22,0.263,0.277,0.0,0,8,0,5,2,0.227,0.57,0.203,2022-06-01
sa3014434-AA-BOS,David Hamilton,BOS,24,AA,173,91,0.243,0.162,0.091,0.087,0.704,0.294,0.234,0.308,0.396,0.067,4,3,5,20,3,0.541,0.306,0.153,2022-06-01
sa3014441-AA-DET,Gage Workman,DET,22,AA,178,73,0.399,0.171,0.189,0.073,0.642,0.326,0.207,0.264,0.378,0.132,5,13,0,14,3,0.418,0.407,0.176,2022-06-01
sa3014445-AA-MIN,Edouard Julien,MIN,23,AA,99,124,0.212,0.122,0.086,0.232,0.826,0.352,0.27,0.434,0.392,0.048,1,4,1,5,0,0.382,0.345,0.273,2022-06-01
sa3014449-AA-BAL,Hudson Haskin,BAL,23,AA,165,136,0.236,0.213,0.109,0.091,0.86,0.323,0.272,0.374,0.485,0.184,7,8,0,1,2,0.396,0.438,0.167,2022-06-01
sa3014452-AA-DET,Daniel Cabrera,DET,23,AA,143,41,0.252,0.083,0.117,0.077,0.51,0.242,0.182,0.245,0.265,0.045,1,4,2,5,0,0.232,0.589,0.179,2022-06-01
sa3014454-AA-MIN,Austin Martin,MIN,23,AA,191,94,0.131,0.075,0.073,0.115,0.71,0.299,0.258,0.377,0.333,0.032,1,7,1,20,2,0.233,0.549,0.218,2022-06-01
sa3014475-AA-WSN,Drew Millas,WSN,24,AA,69,72,0.304,0.143,0.114,0.087,0.625,0.275,0.206,0.275,0.349,0.25,2,3,0,1,0,0.195,0.537,0.268,2022-06-01
sa3014496-AA-SEA,Kaden Polcovich,SEA,23,AA,166,82,0.205,0.093,0.122,0.133,0.684,0.305,0.236,0.355,0.329,0.021,1,6,2,7,0,0.453,0.34,0.208,2022-06-01
sa3014500-AA-MIL,Freddy Zamora,MIL,23,AA,100,47,0.22,0.077,0.093,0.05,0.556,0.261,0.209,0.27,0.286,0.04,1,4,0,4,0,0.368,0.485,0.147,2022-06-01
sa3014528-AA-DET,Dillon Dingler,DET,23,AA,169,106,0.331,0.154,0.159,0.077,0.747,0.378,0.255,0.337,0.409,0.16,4,9,1,0,0,0.272,0.424,0.304,2022-06-01
sa3014820-AA-CIN,Jacob Hurtubise,CIN,24,AA,51,100,0.235,0.045,0.058,0.098,0.721,0.406,0.295,0.38,0.341,0.0,0,2,0,3,0,0.25,0.656,0.094,2022-06-01
sa3014822-AA-OAK,Michael Guldberg,OAK,23,AA,73,125,0.205,0.049,0.131,0.151,0.832,0.447,0.344,0.438,0.393,0.0,0,3,0,2,2,0.404,0.34,0.255,2022-06-01
sa3014825-AA-COL,Jack Blomgren,COL,23,AA,20,189,0.25,0.294,0.174,0.1,1.068,0.455,0.353,0.421,0.647,0.167,1,2,0,0,1,0.5,0.25,0.25,2022-06-01
sa3014828-AA-OAK,Jake Suddleson,OAK,24,AA,44,82,0.295,0.108,0.187,0.114,0.692,0.333,0.243,0.341,0.351,0.111,1,1,0,0,0,0.36,0.32,0.32,2022-06-01
sa3014830-AA-CLE,Micah Pries,CLE,24,AA,141,96,0.277,0.197,0.146,0.071,0.723,0.286,0.228,0.298,0.425,0.161,5,6,2,2,0,0.352,0.432,0.216,2022-06-01
sa3014834-AA-STL,Matt Koperniak,STL,24,AA,169,71,0.178,0.105,0.108,0.071,0.671,0.283,0.257,0.31,0.362,0.132,5,1,0,6,0,0.306,0.5,0.194,2022-06-01
sa3014937-AA-KCR,Tucker Bradley,KCR,24,AA,139,129,0.137,0.218,0.098,0.086,0.912,0.34,0.315,0.38,0.532,0.128,5,6,3,7,3,0.379,0.466,0.155,2022-06-01
sa3014941-AA-SFG,Brett Auerbach,SFG,23,AA,145,100,0.29,0.184,0.123,0.138,0.724,0.263,0.216,0.324,0.4,0.2,7,2,0,3,4,0.422,0.373,0.205,2022-06-01
sa3014942-AA-WSN,Brady Lindsly,WSN,24,AA,82,118,0.329,0.169,0.18,0.098,0.79,0.395,0.268,0.354,0.437,0.154,2,4,1,0,0,0.289,0.4,0.311,2022-06-01
sa3014944-AA-CIN,Francisco Urbaez,CIN,24,AA,105,94,0.19,0.098,0.075,0.114,0.722,0.333,0.272,0.352,0.37,0.037,1,4,1,2,1,0.38,0.479,0.141,2022-06-01
sa3014948-AA-HOU,Shay Whitcomb,HOU,23,AA,179,51,0.318,0.143,0.151,0.078,0.61,0.267,0.199,0.268,0.342,0.135,5,8,0,4,0,0.359,0.456,0.184,2022-06-01
sa3015018-AA-STL,Nick Raposo,STL,24,AA,28,99,0.071,0.091,0.077,0.179,0.711,0.25,0.227,0.393,0.318,0.0,0,2,0,0,0,0.316,0.421,0.263,2022-06-01
sa3015051-AA-CHC,Matt Mervis,CHC,24,AA,49,150,0.286,0.279,0.134,0.122,0.969,0.385,0.302,0.388,0.581,0.273,3,3,0,0,0,0.379,0.345,0.276,2022-06-01
sa3015090-AA-TOR,Zac Cook,TOR,24,AA,132,119,0.432,0.223,0.192,0.083,0.767,0.325,0.184,0.359,0.408,0.231,6,5,0,3,0,0.565,0.283,0.152,2022-06-01
sa3015097-AA-CHC,Bradlee Beesley,CHC,24,AA,11,84,0.182,0.333,0.122,0.091,0.717,0.0,0.111,0.273,0.444,0.25,1,0,0,0,0,0.667,0.333,0.0,2022-06-01
sa3016810-AA-TEX,Konner Piotto,TEX,24,AA,4,168,0.25,0.0,0.167,0.0,1.0,0.667,0.5,0.5,0.5,0.0,0,0,0,0,0,0.667,0.333,0.0,2022-06-01
sa3017047-AA-MIL,Sal Frelick,MIL,22,AA,73,70,0.11,0.059,0.053,0.068,0.639,0.3,0.265,0.315,0.324,0.0,0,2,1,2,1,0.373,0.508,0.119,2022-06-01
sa3017075-AA-ATL,Luke Waddell,ATL,23,AA,187,98,0.118,0.099,0.043,0.123,0.734,0.302,0.272,0.364,0.37,0.044,2,10,0,3,2,0.326,0.493,0.181,2022-06-01
sa3017081-AA-NYM,Wyatt Young,NYM,22,AA,75,44,0.24,0.059,0.07,0.067,0.521,0.275,0.206,0.257,0.265,0.0,0,2,1,1,0,0.375,0.521,0.104,2022-06-01
sa3017154-AA-CIN,Matt McLain,CIN,22,AA,177,132,0.322,0.295,0.132,0.136,0.905,0.325,0.248,0.362,0.544,0.213,10,8,3,11,1,0.516,0.33,0.154,2022-06-01
sa3017286-AA-OAK,Zack Gelof,OAK,22,AA,183,113,0.268,0.143,0.147,0.082,0.83,0.426,0.315,0.372,0.458,0.118,4,10,1,8,2,0.293,0.431,0.276,2022-06-01
sa3017293-AA-OAK,Brett Harris,OAK,24,AA,17,190,0.059,0.333,0.018,0.059,1.171,0.385,0.4,0.438,0.733,0.2,1,2,0,0,0,0.357,0.357,0.286,2022-06-01
sa3017372-AA-MIA,Paul McIntosh,MIA,24,AA,147,126,0.224,0.218,0.133,0.109,0.858,0.322,0.266,0.374,0.484,0.2,5,10,1,8,2,0.278,0.511,0.211,2022-06-01
sa3017902-AA-MIN,Ernie Yake,MIN,24,AA,22,60,0.045,0.053,0.074,0.091,0.581,0.222,0.211,0.318,0.263,0.0,0,1,0,0,0,0.444,0.389,0.167,2022-06-01
sa3018009-AA-CLE,Seth Caddell,CLE,23,AA,26,19,0.385,0.043,0.156,0.115,0.405,0.231,0.13,0.231,0.174,0.0,0,1,0,0,0,0.231,0.385,0.385,2022-06-01
sa3018100-AA-BAL,Cesar Prieto,BAL,23,AA,26,88,0.077,0.077,0.067,0.0,0.692,0.333,0.308,0.308,0.385,0.0,0,2,0,0,0,0.208,0.542,0.25,2022-06-01
sa3018122-AA-ARI,Jordan Howard,ARI,26,AA,1,346,0.0,0.0,0.0,1.0,1.0,0.0,0.0,1.0,0.0,0.0,0,0,0,0,1,0.0,0.0,0.0,2022-06-01
sa3018209-AA-ARI,Roby Enriquez,ARI,25,AA,14,97,0.143,0.25,0.079,0.071,0.808,0.222,0.25,0.308,0.5,0.333,1,0,0,0,0,0.3,0.5,0.2,2022-06-01
sa3018218-AA-WSN,Dondrei Hubbard,WSN,27,AA,59,156,0.288,0.232,0.191,0.051,0.944,0.444,0.339,0.373,0.571,0.214,3,2,1,2,0,0.368,0.316,0.316,2022-06-01
sa597007-AA-WSN,Jecksson Flores,WSN,28,AA,118,68,0.144,0.065,0.075,0.059,0.602,0.275,0.241,0.297,0.306,0.032,1,4,0,1,3,0.344,0.456,0.2,2022-06-01
sa657706-AA-MIA,Santiago Chavez,MIA,26,AA,56,30,0.286,0.12,0.168,0.071,0.492,0.156,0.14,0.232,0.26,0.182,2,0,0,0,0,0.344,0.5,0.156,2022-06-01
sa709546-AA-MIN,Cole Sturgeon,MIN,30,AA,73,97,0.192,0.172,0.101,0.096,0.78,0.292,0.266,0.342,0.438,0.188,3,2,0,2,0,0.314,0.471,0.216,2022-06-01
sa736945-AA-NYY,Michael Beltre,NYY,26,AA,101,89,0.297,0.116,0.115,0.129,0.676,0.321,0.233,0.327,0.349,0.071,2,4,0,12,1,0.483,0.379,0.138,2022-06-01
sa737614-AA-SEA,Riley Unroe,SEA,26,AA,117,50,0.222,0.07,0.116,0.137,0.549,0.233,0.18,0.299,0.25,0.043,1,2,1,6,2,0.315,0.479,0.205,2022-06-01
sa737922-AA-CHW,Xavier Fernandez,CHW,26,AA,101,96,0.168,0.098,0.084,0.079,0.738,0.338,0.293,0.347,0.391,0.069,2,3,0,0,0,0.392,0.351,0.257,2022-06-01
sa738667-AA-LAA,Torii Hunter Jr.,LAA,27,AA,91,70,0.341,0.165,0.212,0.044,0.663,0.314,0.224,0.275,0.388,0.273,3,3,1,8,2,0.212,0.519,0.269,2022-06-01
sa738999-AA-CIN,Robbie Tenerowicz,CIN,27,AA,177,148,0.203,0.196,0.093,0.147,0.928,0.354,0.297,0.435,0.493,0.125,6,9,0,1,0,0.471,0.392,0.137,2022-06-01
sa827960-AA-DET,Luis Carpio,DET,24,AA,133,96,0.226,0.076,0.108,0.09,0.693,0.352,0.271,0.346,0.347,0.031,1,6,0,5,1,0.364,0.375,0.261,2022-06-01
sa828154-AA-MIL,Arnaldo Hernandez,MIL,26,AA,0,-100,0.0,0.0,,0.0,0.0,0.0,0.0,0.0,0.0,,0,0,0,0,0,,,,2022-06-01
sa828331-AA-LAA,Jose Gomez,LAA,25,AA,128,106,0.211,0.142,0.169,0.039,0.785,0.374,0.3,0.344,0.442,0.069,2,11,0,2,4,0.322,0.456,0.222,2022-06-01
sa828422-AA-ATL,Hendrik Clementina,ATL,25,AA,139,111,0.338,0.157,0.207,0.072,0.801,0.434,0.291,0.353,0.449,0.16,4,6,1,1,0,0.316,0.38,0.304,2022-06-01
sa828696-AA-ARI,Ti'Quan Forbes,ARI,25,AA,165,81,0.218,0.16,0.148,0.055,0.722,0.297,0.253,0.309,0.413,0.114,5,7,1,2,3,0.383,0.452,0.165,2022-06-01
sa829343-AA-CIN,Isiah Gilliam,CIN,25,AA,179,126,0.318,0.205,0.147,0.112,0.868,0.409,0.288,0.374,0.494,0.175,7,9,1,7,1,0.404,0.343,0.253,2022-06-01
sa829375-AA-PHI,Josh Ockimey,PHI,26,AA,184,140,0.266,0.188,0.118,0.217,0.851,0.337,0.25,0.413,0.438,0.167,6,9,0,2,0,0.383,0.404,0.213,2022-06-01
sa829382-AA-WSN,K.J. Harrison,WSN,25,AA,137,78,0.248,0.16,0.154,0.088,0.654,0.247,0.21,0.285,0.37,0.091,4,7,0,1,0,0.506,0.345,0.149,2022-06-01
sa829494-AA-SDP,Michael Cantu,SDP,26,AA,4,141,0.5,0.0,0.1,0.25,0.833,1.0,0.333,0.5,0.333,0.0,0,0,0,0,0,0.0,0.0,1.0,2022-06-01
sa829697-AA-MIA,Bubba Hollins,MIA,26,AA,62,29,0.21,0.017,0.164,0.048,0.482,0.267,0.207,0.258,0.224,0.0,0,1,0,0,0,0.357,0.476,0.167,2022-06-01
sa829783-AA-NYM,Quinn Brodey,NYM,26,AA,25,54,0.36,0.125,0.158,0.0,0.573,0.333,0.208,0.24,0.333,0.0,0,3,0,1,0,0.4,0.467,0.133,2022-06-01
sa829787-AA-MIN,Andrew Bechtold,MIN,26,AA,149,96,0.255,0.2,0.113,0.154,0.766,0.268,0.224,0.342,0.424,0.214,6,7,0,1,0,0.322,0.494,0.184,2022-06-01
sa872783-AA-BAL,Cristopher Cespedes,BAL,24,AA,18,-27,0.222,0.0,0.145,0.111,0.229,0.083,0.062,0.167,0.062,0.0,0,0,0,0,0,0.417,0.417,0.167,2022-06-01
sa872817-AA-SDP,Yorman Rodriguez,SDP,24,AA,178,108,0.191,0.17,0.108,0.056,0.833,0.359,0.315,0.348,0.485,0.143,6,10,0,2,0,0.316,0.406,0.278,2022-06-01
sa873307-AA-ARI,Leandro Cedeno,ARI,23,AA,160,131,0.188,0.255,0.142,0.081,0.934,0.33,0.31,0.369,0.566,0.27,10,7,0,0,0,0.319,0.457,0.224,2022-06-01
sa874791-AA-LAD,Chris Betts,LAD,25,AA,17,25,0.353,0.25,0.182,0.059,0.551,0.111,0.125,0.176,0.375,0.111,1,1,0,0,0,0.9,0.1,0.0,2022-06-01
sa875016-AA-ATL,Jalen Miller,ATL,25,AA,113,125,0.292,0.216,0.168,0.142,0.856,0.367,0.268,0.372,0.485,0.143,4,9,0,0,0,0.438,0.406,0.156,2022-06-01
sa875022-AA-LAA,Trey Cabbage,LAA,25,AA,136,179,0.346,0.336,0.187,0.147,1.098,0.474,0.327,0.434,0.664,0.556,10,6,1,10,2,0.269,0.418,0.313,2022-06-01
sa875163-AA-STL,Moises Gomez,STL,23,AA,171,162,0.31,0.395,0.171,0.088,1.096,0.373,0.316,0.386,0.711,0.415,17,9,0,5,1,0.414,0.242,0.343,2022-06-01
sa875753-AA-NYY,James Nelson,NYY,24,AA,8,66,0.25,0.0,0.114,0.25,0.375,0.0,0.0,0.375,0.0,0.0,0,0,0,0,0,0.333,0.667,0.0,2022-06-01
sa875884-AA-CHC,Delvin Zinn,CHC,25,AA,33,-50,0.212,0.034,0.151,0.061,0.19,0.043,0.034,0.121,0.069,0.0,0,1,0,0,1,0.429,0.476,0.095,2022-06-01
sa876060-AA-MIA,Griffin Conine,MIA,24,AA,159,121,0.371,0.214,0.181,0.101,0.851,0.427,0.279,0.358,0.493,0.269,7,5,2,0,0,0.321,0.457,0.222,2022-06-01
sa876814-AA-TEX,Nash Knight,TEX,29,AA,8,-45,0.375,0.0,0.091,0.0,0.25,0.2,0.125,0.125,0.125,0.0,0,0,0,0,0,0.6,0.4,0.0,2022-06-01
sa877337-AA-WSN,Gilbert Lara,WSN,24,AA,76,35,0.355,0.125,0.229,0.013,0.502,0.233,0.167,0.211,0.292,0.154,2,1,1,0,0,0.295,0.568,0.136,2022-06-01
sa877500-AA-NYY,Rodolfo Duran,NYY,24,AA,50,136,0.2,0.267,0.092,0.1,0.873,0.281,0.267,0.34,0.533,0.25,3,3,0,0,0,0.343,0.486,0.171,2022-06-01
sa915590-AA-LAD,Justin Yurchak,LAD,25,AA,139,71,0.151,0.042,0.073,0.137,0.617,0.278,0.229,0.345,0.271,0.0,0,5,0,1,0,0.216,0.474,0.309,2022-06-01
sa915673-AA-NYM,Jeremy Vasquez,NYM,25,AA,143,86,0.161,0.134,0.082,0.091,0.67,0.255,0.228,0.308,0.362,0.073,3,8,0,0,0,0.39,0.495,0.114,2022-06-01
sa917030-AA-SDP,Esteury Ruiz,SDP,23,AA,218,174,0.174,0.26,0.105,0.138,1.078,0.4,0.343,0.474,0.604,0.151,8,16,2,33,5,0.408,0.269,0.323,2022-06-01
sa917039-AA-KCR,Seuly Matias,KCR,23,AA,158,89,0.342,0.236,0.203,0.082,0.775,0.309,0.236,0.304,0.471,0.195,8,5,2,0,0,0.471,0.345,0.184,2022-06-01
sa917068-AA-COL,Daniel Montano,COL,23,AA,4,333,0.25,0.0,0.083,0.0,1.5,1.0,0.75,0.75,0.75,0.0,0,0,0,1,0,0.0,0.667,0.333,2022-06-01
sa917074-AA-BOS,Pedro Castellanos,BOS,24,AA,170,87,0.229,0.195,0.131,0.029,0.705,0.267,0.239,0.271,0.434,0.119,7,8,1,0,0,0.484,0.393,0.123,2022-06-01
sa917182-AA-ARI,Eduardo Diaz,ARI,24,AA,174,81,0.333,0.171,0.184,0.034,0.732,0.373,0.262,0.299,0.433,0.139,5,9,2,6,4,0.346,0.452,0.202,2022-06-01
sa917184-AA-DET,Jose King,DET,23,AA,13,-76,0.615,0.0,0.271,0.077,0.077,0.0,0.0,0.077,0.0,0.0,0,0,0,0,0,0.75,0.0,0.25,2022-06-01
sa917288-AA-HOU,Enmanuel Valdez,HOU,23,AA,186,175,0.237,0.29,0.104,0.156,1.109,0.447,0.361,0.457,0.652,0.256,10,15,0,4,2,0.351,0.351,0.297,2022-06-01
sa917292-AA-HOU,Ronaldo Urdaneta,HOU,23,AA,8,-58,0.625,0.0,0.194,0.125,0.125,0.0,0.0,0.125,0.0,0.0,0,0,0,0,0,0.5,0.5,0.0,2022-06-01
sa917637-AA-MIL,Harold Chirino,MIL,24,AA,0,-100,0.0,0.0,,0.0,0.0,0.0,0.0,0.0,0.0,,0,0,0,0,0,,,,2022-06-01
sa917824-AA-SDP,Juan Fernandez,SDP,23,AA,87,94,0.149,0.038,0.094,0.046,0.743,0.391,0.338,0.368,0.375,0.0,0,3,0,2,0,0.29,0.435,0.275,2022-06-01
sa917934-AA-SEA,Joe Rizzo,SEA,24,AA,193,71,0.187,0.174,0.119,0.073,0.689,0.261,0.23,0.285,0.404,0.074,5,16,0,0,0,0.476,0.343,0.182,2022-06-01
sa917935-AA-STL,Delvin Perez,STL,23,AA,138,52,0.232,0.034,0.097,0.123,0.549,0.276,0.203,0.312,0.237,0.0,0,4,0,11,0,0.282,0.541,0.176,2022-06-01
sa917936-AA-BOS,Hudson Potts,BOS,23,AA,104,73,0.356,0.258,0.166,0.106,0.649,0.16,0.151,0.24,0.409,0.194,6,6,0,0,0,0.554,0.286,0.161,2022-06-01
sa917968-AA-MIA,Thomas Jones,MIA,24,AA,59,36,0.475,0.16,0.178,0.102,0.517,0.19,0.12,0.237,0.28,0.167,2,2,0,1,1,0.522,0.304,0.174,2022-06-01
sa918086-AA-CHW,Luis Curbelo,CHW,24,AA,34,-32,0.588,0.091,0.285,0.029,0.299,0.167,0.091,0.118,0.182,0.167,1,0,0,0,0,0.462,0.462,0.077,2022-06-01
sa918408-AA-STL,Todd Lott,STL,24,AA,102,48,0.304,0.09,0.144,0.069,0.554,0.25,0.18,0.284,0.27,0.091,2,2,0,0,1,0.386,0.404,0.211,2022-06-01
sa918471-AA-CIN,Chuckie Robinson,CIN,27,AA,107,99,0.234,0.111,0.112,0.065,0.75,0.375,0.293,0.346,0.404,0.125,2,5,0,4,2,0.222,0.597,0.181,2022-06-01
sa918639-AA-TOR,Ryan Gold,TOR,24,AA,68,71,0.265,0.121,0.13,0.118,0.604,0.25,0.19,0.294,0.31,0.05,1,4,0,0,0,0.488,0.293,0.22,2022-06-01
sa918686-AA-SFG,Brandon Martorano,SFG,24,AA,144,131,0.299,0.262,0.169,0.097,0.856,0.325,0.254,0.34,0.516,0.171,7,8,2,3,0,0.494,0.325,0.181,2022-06-01
sa918808-AA-MIN,Matt Wallner,MIN,24,AA,175,125,0.349,0.266,0.187,0.16,0.907,0.365,0.259,0.383,0.524,0.294,10,8,0,4,3,0.41,0.313,0.277,2022-06-01
sa918840-AA-CHW,Craig Dedelow,CHW,27,AA,182,115,0.407,0.268,0.182,0.126,0.837,0.333,0.229,0.341,0.497,0.324,12,5,0,3,2,0.457,0.346,0.198,2022-06-01
sa918911-AA-SFG,Armani Smith,SFG,23,AA,35,108,0.257,0.065,0.167,0.086,0.726,0.409,0.29,0.371,0.355,0.0,0,2,0,0,0,0.364,0.409,0.227,2022-06-01
sa920180-AA-PHI,Jhailyn Ortiz,PHI,23,AA,170,101,0.365,0.209,0.201,0.088,0.744,0.325,0.229,0.306,0.438,0.195,8,8,0,3,1,0.477,0.267,0.256,2022-06-01
sa920278-AA-ATL,Yariel Gonzalez,ATL,28,AA,115,83,0.174,0.198,0.167,0.061,0.721,0.244,0.236,0.287,0.434,0.125,5,6,0,2,0,0.46,0.402,0.138,2022-06-01
sa922180-AA-WSN,Alfredo Rodriguez,WSN,28,AA,9,-46,0.222,0.0,0.233,0.0,0.222,0.143,0.111,0.111,0.111,0.0,0,0,0,0,0,0.143,0.857,0.0,2022-06-01
sa923363-AA-NYY,Saul Torres,NYY,23,AA,7,-42,0.429,0.0,0.167,0.0,0.143,0.0,0.0,0.143,0.0,0.0,0,0,0,0,0,0.333,0.667,0.0,2022-06-01
sa969045-AA-LAA,Kevin Maitan,LAA,22,AA,153,70,0.294,0.08,0.187,0.098,0.628,0.333,0.234,0.314,0.314,0.087,2,5,0,1,1,0.256,0.522,0.222,2022-06-01
