idlevelorg,Name,Org,Age,Level,PA,xSpect,K%,ISO,BB%,OPS,BABIP,AVG,OBP,SLG,XBH,HR,SB,CS,eFB%,eGB%,eLD%,Days,Date
sa3010399-A+-PIT,Matt Gorski,PIT,24,A+,30,1.448,0.333,0.966,0.033,1.745,0.2,0.379,0.4,1.345,10,9,0,0,0.3,0.1,0.7,18,2022-06-01
sa3014448-A+-TEX,Trevor Hauver,TEX,23,A+,53,1.274,0.151,0.385,0.226,1.316,0.407,0.385,0.547,0.769,7,4,0,0,0.259,0.556,0.148,18,2022-06-01
sa3005581-A+-BOS,Ceddanne Rafaela,BOS,21,A+,48,0.739,0.25,0.37,0.042,1.263,0.562,0.435,0.458,0.804,10,2,2,0,0.281,0.406,0.312,18,2022-06-01
sa917068-A+-COL,Daniel Montano,COL,23,A+,50,0.962,0.12,0.231,0.18,1.232,0.5,0.462,0.54,0.692,6,1,0,0,0.294,0.353,0.353,18,2022-06-01
sa3017215-A+-HOU,Quincy Hamilton,HOU,24,A+,24,0.545,0.25,0.273,0.083,1.227,0.6,0.455,0.5,0.727,4,1,0,1,0.4,0.4,0.267,18,2022-06-01
26288-A+-BAL,Adley Rutschman,BAL,24,A+,15,inf,0.0,0.231,0.133,1.226,0.462,0.462,0.533,0.692,3,0,0,0,0.231,0.385,0.385,18,2022-06-01
sa3017040-A+-HOU,Chad Stevens,HOU,23,A+,54,1.148,0.148,0.34,0.056,1.223,0.432,0.42,0.463,0.76,7,5,3,2,0.324,0.432,0.243,18,2022-06-01
sa3010599-A+-DET,Jake Holton,DET,24,A+,51,1.328,0.157,0.417,0.216,1.212,0.261,0.306,0.49,0.722,5,5,0,0,0.391,0.435,0.087,18,2022-06-01
sa3007298-A+-PHI,Rixon Wingrove,PHI,22,A+,19,0.643,0.368,0.474,0.0,1.211,0.444,0.368,0.368,0.842,3,3,0,0,0.556,0.444,0.0,18,2022-06-01
sa3004972-A+-LAD,Imanol Vargas,LAD,24,A+,59,0.565,0.288,0.326,0.237,1.2,0.5,0.349,0.525,0.674,6,4,0,0,0.409,0.318,0.273,18,2022-06-01
sa3010696-A+-HOU,Colin Barber,HOU,21,A+,44,0.425,0.159,0.135,0.091,1.19,0.586,0.486,0.568,0.622,3,1,1,3,0.241,0.655,0.138,18,2022-06-01
sa1169587-A+-CIN,Rece Hinds,CIN,21,A+,57,0.526,0.263,0.277,0.158,1.19,0.567,0.404,0.509,0.681,7,2,3,0,0.3,0.4,0.333,18,2022-06-01
sa3014884-A+-ATL,Landon Stephens,ATL,24,A+,57,0.972,0.193,0.375,0.123,1.185,0.394,0.354,0.456,0.729,10,4,1,0,0.515,0.273,0.212,18,2022-06-01
sa3017338-A+-CHW,Terrell Tatum,CHW,22,A+,50,1.27,0.14,0.356,0.08,1.173,0.4,0.378,0.44,0.733,9,3,2,1,0.257,0.6,0.171,18,2022-06-01
sa3005478-A+-MIL,Carlos Rodriguez,MIL,21,A+,54,0.894,0.167,0.298,0.111,1.144,0.444,0.383,0.463,0.681,9,2,3,2,0.278,0.472,0.222,18,2022-06-01
sa3003430-A+-KCR,Juan Carlos Negret,KCR,23,A+,29,0.906,0.276,0.5,0.172,1.129,0.167,0.25,0.379,0.75,4,4,1,0,0.75,0.083,0.167,18,2022-06-01
sa3008765-A+-TEX,Luisangel Acuna,TEX,20,A+,39,0.677,0.231,0.312,0.179,1.118,0.4,0.344,0.462,0.656,4,3,8,1,0.2,0.65,0.15,18,2022-06-01
sa919532-A+-OAK,Gabriel Maciel,OAK,23,A+,12,0.8,0.25,0.4,0.167,1.117,0.429,0.3,0.417,0.7,2,0,2,0,0.286,0.571,0.143,18,2022-06-01
sa3003319-A+-TEX,Angel Aponte,TEX,22,A+,18,0.519,0.222,0.231,0.222,1.115,0.4,0.385,0.5,0.615,1,1,0,1,0.1,0.6,0.2,18,2022-06-01
sa3014821-A+-TOR,Zach Britton,TOR,23,A+,38,0.613,0.316,0.387,0.158,1.098,0.375,0.29,0.421,0.677,6,3,2,0,0.5,0.312,0.125,18,2022-06-01
sa3014489-A+-OAK,Tyler Soderstrom,OAK,20,A+,54,0.719,0.296,0.426,0.0,1.093,0.375,0.333,0.333,0.759,10,6,0,0,0.5,0.438,0.062,18,2022-06-01
sa3017342-A+-TBR,Kyle Manzardo,TBR,21,A+,52,1.083,0.173,0.375,0.058,1.074,0.306,0.333,0.365,0.708,7,5,0,0,0.417,0.306,0.278,18,2022-06-01
sa3014424-A+-PHI,Baron Radcliff,PHI,23,A+,50,0.43,0.42,0.361,0.28,1.071,0.5,0.25,0.46,0.611,6,3,0,1,0.583,0.333,0.083,18,2022-06-01
sa3005504-A+-CIN,Allan Cerda,CIN,22,A+,59,0.56,0.339,0.38,0.136,1.05,0.36,0.28,0.39,0.66,9,5,1,1,0.48,0.16,0.28,18,2022-06-01
sa3010025-A+-CLE,Joe Naranjo,CLE,21,A+,65,0.721,0.2,0.288,0.2,1.042,0.343,0.308,0.446,0.596,6,4,1,0,0.486,0.343,0.229,18,2022-06-01
sa3015106-A+-NYM,Joe Suozzi,NYM,24,A+,38,0.594,0.211,0.25,0.132,1.041,0.409,0.344,0.447,0.594,4,2,2,1,0.364,0.409,0.227,18,2022-06-01
sa3006894-A+-NYY,Anthony Seigler,NYY,23,A+,31,0.337,0.258,0.174,0.226,1.038,0.5,0.348,0.516,0.522,2,1,1,0,0.286,0.214,0.5,18,2022-06-01
sa3007013-A+-TEX,Scott Kapers,TEX,25,A+,28,0.509,0.393,0.4,0.107,1.037,0.364,0.28,0.357,0.68,4,3,0,0,0.545,0.182,0.182,18,2022-06-01
sa3002703-A+-ARI,Jose Curpa,ARI,22,A+,26,0.619,0.192,0.238,0.115,1.033,0.4,0.333,0.462,0.571,2,1,2,2,0.2,0.4,0.333,18,2022-06-01
sa3016805-A+-TBR,Tanner Murray,TBR,22,A+,50,1.111,0.12,0.267,0.02,1.022,0.342,0.356,0.4,0.622,6,3,1,1,0.316,0.447,0.211,18,2022-06-01
sa3016860-A+-SEA,Cole Barr,SEA,24,A+,35,0.536,0.257,0.276,0.114,1.015,0.389,0.31,0.429,0.586,4,2,4,0,0.111,0.556,0.389,18,2022-06-01
sa3008279-A+-CHC,Caleb Knight,CHC,26,A+,17,0.654,0.176,0.231,0.176,1.009,0.333,0.308,0.471,0.538,1,1,0,1,0.333,0.333,0.333,18,2022-06-01
sa3016920-A+-LAA,Gabe Matthews,LAA,24,A+,59,0.444,0.305,0.271,0.136,1.007,0.393,0.312,0.424,0.583,5,4,0,0,0.464,0.321,0.214,18,2022-06-01
sa3009289-A+-CIN,Elly De La Cruz,CIN,20,A+,65,0.567,0.308,0.349,0.031,1.005,0.41,0.317,0.338,0.667,12,4,3,0,0.359,0.41,0.256,18,2022-06-01
sa3017111-A+-KCR,Dillan Shrum,KCR,24,A+,40,0.429,0.4,0.343,0.075,1.004,0.438,0.286,0.375,0.629,6,3,0,0,0.5,0.25,0.25,18,2022-06-01
sa3014465-A+-CHC,Owen Caissie,CHC,19,A+,62,0.472,0.274,0.259,0.065,0.991,0.447,0.345,0.387,0.603,9,3,2,1,0.237,0.5,0.263,18,2022-06-01
sa3014883-A+-TBR,Matt Dyer,TBR,23,A+,34,0.165,0.294,0.097,0.059,0.987,0.619,0.419,0.471,0.516,3,0,2,1,0.381,0.333,0.333,18,2022-06-01
sa3014823-A+-HOU,J.C. Correa,HOU,23,A+,51,0.543,0.078,0.085,0.078,0.981,0.452,0.426,0.471,0.511,2,1,0,0,0.238,0.643,0.119,18,2022-06-01
sa1052762-A+-ARI,Spencer Brickhouse,ARI,24,A+,28,0.454,0.321,0.292,0.107,0.976,0.385,0.292,0.393,0.583,3,2,0,0,0.538,0.231,0.231,18,2022-06-01
sa3009868-A+-KCR,Morgan McCullough,KCR,24,A+,36,0.466,0.333,0.31,0.139,0.975,0.438,0.276,0.389,0.586,5,1,0,0,0.375,0.375,0.312,18,2022-06-01
sa3010008-A+-SFG,Carter Aldrete,SFG,24,A+,63,1.145,0.159,0.364,0.095,0.97,0.227,0.273,0.333,0.636,10,5,0,0,0.455,0.318,0.205,18,2022-06-01
sa3017017-A+-CIN,Jack Rogers,CIN,23,A+,11,0.55,0.273,0.3,0.091,0.964,0.429,0.3,0.364,0.6,2,0,2,0,0.143,0.714,0.143,18,2022-06-01
sa3008590-A+-BOS,Nick Decker,BOS,22,A+,35,0.505,0.229,0.231,0.2,0.957,0.353,0.269,0.457,0.5,4,1,1,0,0.529,0.294,0.176,18,2022-06-01
sa3005511-A+-LAD,Jorbit Vivas,LAD,21,A+,71,1.442,0.07,0.203,0.099,0.955,0.351,0.344,0.408,0.547,7,2,0,0,0.474,0.298,0.228,18,2022-06-01
sa3008246-A+-TBR,Beau Brundage,TBR,25,A+,36,0.882,0.25,0.441,0.028,0.954,0.227,0.235,0.278,0.676,7,3,2,0,0.273,0.5,0.227,18,2022-06-01
sa3014506-A+-STL,Masyn Winn,STL,20,A+,38,0.384,0.289,0.222,0.026,0.952,0.481,0.361,0.368,0.583,7,0,4,0,0.37,0.481,0.148,18,2022-06-01
sa3003274-A+-CHW,Luis Mieses,CHW,22,A+,66,0.541,0.136,0.148,0.076,0.949,0.431,0.377,0.424,0.525,7,1,0,0,0.196,0.608,0.196,18,2022-06-01
sa3006903-A+-PHI,Carlos De La Cruz,PHI,22,A+,33,0.398,0.303,0.241,0.121,0.946,0.444,0.31,0.394,0.552,4,1,0,1,0.278,0.333,0.278,18,2022-06-01
sa3014935-A+-HOU,Zach Daniels,HOU,23,A+,54,0.362,0.296,0.214,0.204,0.944,0.417,0.286,0.444,0.5,4,2,5,1,0.292,0.542,0.167,18,2022-06-01
sa3002875-A+-NYY,Eric Wagaman,NYY,24,A+,42,0.972,0.143,0.278,0.143,0.937,0.259,0.278,0.381,0.556,4,3,0,0,0.185,0.556,0.222,18,2022-06-01
sa3009972-A+-TBR,Garrett Hiott,TBR,24,A+,39,0.299,0.231,0.138,0.179,0.935,0.421,0.31,0.487,0.448,2,1,3,1,0.316,0.579,0.158,18,2022-06-01
sa3005554-A+-LAD,Eddys Leonard,LAD,21,A+,71,1.09,0.113,0.246,0.141,0.935,0.255,0.281,0.408,0.526,6,4,0,1,0.447,0.383,0.149,18,2022-06-01
sa872729-A+-SEA,Dariel Gomez,SEA,25,A+,51,0.593,0.294,0.349,0.137,0.934,0.25,0.233,0.353,0.581,7,4,0,0,0.5,0.458,0.083,18,2022-06-01
sa3007034-A+-NYY,Everson Pereira,NYY,21,A+,54,0.234,0.204,0.095,0.204,0.934,0.455,0.357,0.481,0.452,3,0,2,1,0.303,0.394,0.333,18,2022-06-01
sa3011204-A+-MIN,Will Holland,MIN,24,A+,49,0.375,0.286,0.214,0.102,0.932,0.444,0.31,0.408,0.524,5,1,5,0,0.556,0.37,0.111,18,2022-06-01
sa3007743-A+-COL,Grant Lavigne,COL,22,A+,67,0.527,0.209,0.22,0.104,0.93,0.409,0.322,0.388,0.542,9,1,1,1,0.295,0.432,0.295,18,2022-06-01
sa1169818-A+-ATL,Cody Milligan,ATL,23,A+,66,0.353,0.136,0.096,0.212,0.927,0.419,0.346,0.485,0.442,4,0,1,1,0.163,0.558,0.279,18,2022-06-01
sa1159681-A+-COL,Colin Simpson,COL,25,A+,41,0.687,0.268,0.368,0.024,0.924,0.24,0.263,0.293,0.632,5,4,0,0,0.56,0.28,0.16,18,2022-06-01
sa3017851-A+-MIL,Tristan Peters,MIL,22,A+,65,1.161,0.108,0.25,0.108,0.923,0.294,0.304,0.369,0.554,9,2,3,0,0.333,0.51,0.157,18,2022-06-01
sa918104-A+-LAD,Ryan January,LAD,25,A+,45,0.993,0.133,0.265,0.2,0.922,0.231,0.235,0.422,0.5,5,2,0,0,0.5,0.346,0.115,18,2022-06-01
sa3014484-A+-SFG,Casey Schmitt,SFG,23,A+,65,0.387,0.185,0.143,0.123,0.913,0.405,0.339,0.431,0.482,4,2,1,1,0.429,0.405,0.167,18,2022-06-01
sa3010028-A+-CLE,Christian Cairo,CLE,21,A+,33,0.329,0.394,0.259,0.121,0.912,0.417,0.259,0.394,0.519,3,2,1,0,0.5,0.333,0.25,18,2022-06-01
sa3005729-A+-SDP,Brandon Valenzuela,SDP,21,A+,46,0.479,0.13,0.125,0.13,0.91,0.394,0.35,0.435,0.475,3,1,0,0,0.364,0.364,0.303,18,2022-06-01
sa3014436-A+-MIN,Alerick Soularie,MIN,22,A+,47,0.515,0.255,0.263,0.149,0.909,0.308,0.263,0.383,0.526,4,2,1,2,0.462,0.423,0.115,18,2022-06-01
sa962601-A+-WSN,Yasel Antuna,WSN,22,A+,62,0.758,0.161,0.244,0.226,0.908,0.257,0.244,0.419,0.489,6,2,5,3,0.4,0.486,0.114,18,2022-06-01
sa3014442-A+-SFG,Patrick Bailey,SFG,23,A+,44,0.517,0.273,0.282,0.091,0.905,0.308,0.282,0.341,0.564,5,3,0,0,0.538,0.308,0.154,18,2022-06-01
sa3015107-A+-BAL,TT Bowens,BAL,24,A+,57,0.258,0.316,0.163,0.175,0.904,0.462,0.302,0.439,0.465,5,1,1,1,0.231,0.462,0.346,18,2022-06-01
sa3003291-A+-PIT,Francisco Acuna,PIT,22,A+,10,0.312,0.4,0.25,0.1,0.9,0.5,0.25,0.4,0.5,2,0,0,0,0.25,0.25,0.75,18,2022-06-01
sa3004382-A+-WSN,Jose Sanchez,WSN,21,A+,52,0.311,0.25,0.156,0.115,0.893,0.424,0.333,0.404,0.489,5,1,0,0,0.394,0.394,0.212,18,2022-06-01
sa3010700-A+-MIA,Victor Mesa Jr.,MIA,20,A+,51,0.369,0.216,0.159,0.118,0.889,0.406,0.318,0.412,0.477,4,1,0,0,0.438,0.375,0.219,18,2022-06-01
sa3006910-A+-TOR,Addison Barger,TOR,22,A+,61,0.388,0.328,0.254,0.033,0.887,0.417,0.305,0.328,0.559,9,3,1,1,0.333,0.444,0.222,18,2022-06-01
sa3014530-A+-CHC,Jordan Nwogu,CHC,23,A+,45,0.365,0.222,0.162,0.111,0.886,0.367,0.324,0.4,0.486,3,1,2,1,0.467,0.3,0.2,18,2022-06-01
sa3009539-A+-CHC,Yohendrick Pinango,CHC,20,A+,56,0.528,0.196,0.208,0.054,0.885,0.375,0.321,0.357,0.528,7,2,4,0,0.25,0.45,0.275,18,2022-06-01
sa3015076-A+-NYM,Brandon McIlwain,NYM,24,A+,50,0.349,0.2,0.14,0.06,0.885,0.387,0.326,0.42,0.465,2,2,3,1,0.29,0.548,0.129,18,2022-06-01
sa3017665-A+-TEX,Aaron Zavala,TEX,22,A+,61,0.384,0.213,0.164,0.082,0.884,0.4,0.327,0.393,0.491,5,2,1,0,0.35,0.425,0.25,18,2022-06-01
sa3010635-A+-BOS,Joe Davis,BOS,25,A+,32,0.714,0.25,0.357,0.125,0.884,0.176,0.214,0.312,0.571,4,3,0,0,0.588,0.353,0.059,18,2022-06-01
sa3007871-A+-CHC,Jake Slaughter,CHC,25,A+,63,0.467,0.238,0.222,0.127,0.881,0.333,0.278,0.381,0.5,6,3,8,0,0.417,0.444,0.167,18,2022-06-01
sa3017112-A+-KCR,Parker Bates,KCR,24,A+,23,0.479,0.174,0.167,0.217,0.879,0.308,0.278,0.435,0.444,1,1,1,0,0.385,0.462,0.231,18,2022-06-01
sa3015015-A+-CIN,Alex McGarry,CIN,24,A+,36,0.457,0.25,0.229,0.0,0.876,0.4,0.314,0.333,0.543,5,1,1,1,0.32,0.4,0.28,18,2022-06-01
sa1170279-A+-NYM,Matt O'Neill,NYM,24,A+,40,0.469,0.3,0.281,0.2,0.875,0.316,0.219,0.375,0.5,5,1,0,0,0.263,0.684,0.105,18,2022-06-01
sa3004691-A+-PIT,Jacob Gonzalez,PIT,24,A+,51,0.708,0.118,0.167,0.039,0.873,0.35,0.333,0.373,0.5,3,2,1,0,0.225,0.45,0.325,18,2022-06-01
sa3017623-A+-MIL,Tyler Black,MIL,21,A+,68,0.48,0.176,0.169,0.118,0.872,0.356,0.305,0.397,0.475,5,2,6,0,0.333,0.489,0.178,18,2022-06-01
sa3014440-A+-NYY,Austin Wells,NYY,22,A+,12,0.273,0.167,0.091,0.083,0.871,0.444,0.364,0.417,0.455,1,0,1,0,0.111,0.333,0.556,18,2022-06-01
sa3005759-A+-KCR,Diego Hernandez,KCR,21,A+,45,0.296,0.222,0.132,0.133,0.87,0.407,0.316,0.422,0.447,3,1,7,1,0.259,0.63,0.111,18,2022-06-01
sa3018100-A+-BAL,Cesar Prieto,BAL,23,A+,23,0.25,0.174,0.087,0.0,0.87,0.474,0.391,0.391,0.478,2,0,1,1,0.316,0.421,0.263,18,2022-06-01
sa3005716-A+-MIA,Ynmanol Marinez,MIA,21,A+,44,0.55,0.25,0.275,0.068,0.868,0.286,0.275,0.318,0.55,5,3,0,1,0.5,0.357,0.143,18,2022-06-01
sa3010177-A+-BOS,Alex Erro,BOS,24,A+,17,0.0,0.176,0.0,0.294,0.863,0.444,0.333,0.529,0.333,0,0,0,0,0.333,0.444,0.222,18,2022-06-01
sa3014943-A+-ARI,Danny Oriente,ARI,24,A+,50,0.338,0.12,0.081,0.2,0.858,0.355,0.297,0.48,0.378,3,0,2,2,0.258,0.581,0.161,18,2022-06-01
sa3008365-A+-TBR,Ronny Simon,TBR,22,A+,24,0.571,0.167,0.19,0.0,0.857,0.3,0.333,0.333,0.524,2,1,2,0,0.25,0.45,0.25,18,2022-06-01
sa3015077-A+-NYY,Aaron Palensky,NYY,23,A+,24,0.381,0.375,0.286,0.125,0.857,0.3,0.238,0.333,0.524,2,2,2,1,0.3,0.3,0.4,18,2022-06-01
sa3010596-A+-DET,Corey Joyce,DET,23,A+,63,0.514,0.159,0.163,0.206,0.857,0.297,0.265,0.429,0.429,3,2,2,3,0.378,0.405,0.189,18,2022-06-01
sa1052903-A+-MIN,Anthony Prato,MIN,24,A+,61,0.493,0.295,0.291,0.082,0.857,0.306,0.255,0.311,0.545,8,3,2,0,0.611,0.25,0.139,18,2022-06-01
sa3016922-A+-STL,Mike Antico,STL,24,A+,67,0.242,0.239,0.115,0.194,0.856,0.4,0.308,0.433,0.423,5,0,7,3,0.45,0.35,0.2,18,2022-06-01
sa3017016-A+-BAL,Jacob Teter,BAL,23,A+,54,0.4,0.222,0.178,0.13,0.856,0.333,0.289,0.389,0.467,4,2,1,0,0.182,0.515,0.303,18,2022-06-01
sa3015062-A+-SEA,Victor Labrada,SEA,22,A+,54,0.287,0.222,0.128,0.111,0.854,0.412,0.319,0.407,0.447,3,1,3,0,0.206,0.471,0.324,18,2022-06-01
sa3005598-A+-COL,Julio Carreras,COL,22,A+,65,0.58,0.292,0.339,0.046,0.853,0.257,0.237,0.277,0.576,10,5,2,1,0.4,0.314,0.286,18,2022-06-01
sa3011306-A+-CHC,Jake Washer,CHC,26,A+,35,0.449,0.171,0.154,0.2,0.852,0.286,0.269,0.429,0.423,2,1,1,0,0.381,0.333,0.286,18,2022-06-01
sa3014479-A+-BAL,Coby Mayo,BAL,20,A+,52,0.707,0.231,0.326,0.096,0.851,0.2,0.217,0.308,0.543,7,4,1,0,0.367,0.5,0.133,18,2022-06-01
sa3008007-A+-WSN,Onix Vega,WSN,23,A+,25,0.164,0.16,0.053,0.2,0.848,0.4,0.316,0.48,0.368,1,0,0,0,0.333,0.467,0.2,18,2022-06-01
sa3005488-A+-TEX,Keyber Rodriguez,TEX,21,A+,56,0.366,0.214,0.157,0.054,0.847,0.405,0.333,0.357,0.49,4,2,2,0,0.297,0.486,0.243,18,2022-06-01
sa3003280-A+-TBR,Diego Infante,TBR,22,A+,51,0.475,0.314,0.298,0.059,0.847,0.276,0.255,0.294,0.553,5,4,0,1,0.414,0.483,0.103,18,2022-06-01
sa1169598-A+-BOS,Matthew Lugo,BOS,21,A+,55,0.66,0.182,0.24,0.055,0.847,0.333,0.28,0.327,0.52,7,1,1,1,0.359,0.333,0.308,18,2022-06-01
sa3008297-A+-NYM,Jaylen Palmer,NYM,21,A+,51,0.441,0.353,0.311,0.098,0.847,0.261,0.222,0.314,0.533,6,4,0,1,0.304,0.609,0.13,18,2022-06-01
sa3014516-A+-COL,Zac Veen,COL,20,A+,64,0.664,0.156,0.208,0.125,0.847,0.262,0.264,0.375,0.472,5,3,6,0,0.286,0.524,0.19,18,2022-06-01
sa3017370-A+-DET,Josh Crouch,DET,23,A+,47,0.353,0.149,0.105,0.106,0.847,0.344,0.316,0.426,0.421,2,1,0,0,0.25,0.5,0.25,18,2022-06-01
sa3014938-A+-SDP,Adam Kerner,SDP,23,A+,13,0.833,0.231,0.385,0.0,0.846,0.222,0.231,0.231,0.615,3,1,0,0,0.778,0.111,0.222,18,2022-06-01
sa3003288-A+-NYM,Jose Peroza,NYM,22,A+,39,0.525,0.231,0.242,0.128,0.844,0.273,0.242,0.359,0.485,4,2,0,0,0.591,0.409,0.0,18,2022-06-01
sa3007065-A+-MIN,Willie Joe Garry Jr.,MIN,22,A+,33,0.42,0.333,0.28,0.182,0.844,0.308,0.2,0.364,0.48,3,1,3,1,0.538,0.385,0.0,18,2022-06-01
sa3010022-A+-SFG,Marco Luciano,SFG,20,A+,63,0.553,0.222,0.246,0.095,0.842,0.282,0.263,0.333,0.509,6,4,0,0,0.359,0.462,0.154,18,2022-06-01
sa3016858-A+-SEA,Charlie Welch,SEA,22,A+,34,0.525,0.353,0.37,0.206,0.842,0.083,0.148,0.324,0.519,4,3,0,0,0.417,0.25,0.25,18,2022-06-01
sa3010902-A+-ATL,Javier Valdes,ATL,23,A+,42,0.426,0.19,0.162,0.071,0.84,0.333,0.297,0.381,0.459,2,2,0,0,0.37,0.407,0.222,18,2022-06-01
sa3017073-A+-ATL,Justyn-Henry Malloy,ATL,22,A+,63,0.495,0.19,0.189,0.111,0.837,0.302,0.283,0.365,0.472,6,2,2,0,0.488,0.349,0.163,18,2022-06-01
sa3007057-A+-TEX,Jayce Easley,TEX,22,A+,50,0.67,0.16,0.214,0.14,0.836,0.281,0.262,0.36,0.476,4,2,3,2,0.281,0.438,0.281,18,2022-06-01
sa3017329-A+-PHI,Ethan Wilson,PHI,22,A+,51,0.531,0.235,0.25,0.039,0.835,0.324,0.271,0.314,0.521,7,2,2,0,0.5,0.353,0.147,18,2022-06-01
sa3005507-A+-BOS,Gilberto Jimenez,BOS,21,A+,56,0.293,0.268,0.157,0.071,0.828,0.429,0.314,0.357,0.471,5,1,0,2,0.314,0.514,0.171,18,2022-06-01
sa3014816-A+-CHW,Duke Ellis,CHW,24,A+,68,0.384,0.176,0.136,0.088,0.823,0.34,0.305,0.382,0.441,4,2,7,0,0.277,0.511,0.234,18,2022-06-01
sa3017281-A+-OAK,Drew Swift,OAK,23,A+,61,0.299,0.197,0.118,0.148,0.822,0.368,0.294,0.41,0.412,3,1,4,1,0.289,0.474,0.263,18,2022-06-01
sa3009883-A+-TOR,Cameron Eden,TOR,24,A+,42,0.426,0.19,0.162,0.048,0.817,0.355,0.297,0.357,0.459,5,0,2,2,0.452,0.387,0.161,18,2022-06-01
sa3014521-A+-CIN,Austin Hendrick,CIN,21,A+,27,0.205,0.333,0.136,0.148,0.816,0.417,0.273,0.407,0.409,1,1,1,0,0.417,0.25,0.417,18,2022-06-01
sa3014503-A+-TEX,Thomas Saggese,TEX,20,A+,60,0.463,0.183,0.17,0.067,0.805,0.304,0.302,0.333,0.472,5,2,1,2,0.348,0.413,0.239,18,2022-06-01
sa3003276-A+-TOR,Steward Berroa,TOR,23,A+,63,0.394,0.254,0.2,0.111,0.804,0.324,0.255,0.349,0.455,6,2,9,3,0.378,0.486,0.135,18,2022-06-01
sa3005603-A+-SEA,Alberto Rodriguez,SEA,21,A+,59,0.527,0.153,0.161,0.034,0.803,0.348,0.304,0.339,0.464,7,1,1,1,0.239,0.63,0.13,18,2022-06-01
sa3010390-A+-CIN,Nick Quintana,CIN,24,A+,49,0.373,0.163,0.122,0.143,0.802,0.324,0.293,0.388,0.415,3,1,1,0,0.324,0.412,0.265,18,2022-06-01
sa3005938-A+-PIT,Yoyner Fajardo,PIT,23,A+,34,0.183,0.265,0.097,0.059,0.802,0.455,0.323,0.382,0.419,2,0,3,2,0.227,0.455,0.318,18,2022-06-01
sa3017395-A+-CIN,Justice Thompson,CIN,21,A+,43,0.217,0.395,0.171,0.163,0.801,0.421,0.257,0.372,0.429,3,1,4,0,0.316,0.316,0.368,18,2022-06-01
sa3017328-A+-CIN,Matheu Nelson,CIN,23,A+,38,0.296,0.289,0.171,0.079,0.799,0.391,0.286,0.342,0.457,4,1,0,0,0.217,0.478,0.261,18,2022-06-01
sa3007071-A+-OAK,Matt Cross,OAK,23,A+,22,0.579,0.318,0.368,0.136,0.799,0.1,0.158,0.273,0.526,3,2,0,0,0.7,0.3,0.0,18,2022-06-01
sa3017018-A+-BAL,Colton Cowser,BAL,22,A+,61,0.197,0.311,0.122,0.18,0.798,0.414,0.265,0.41,0.388,4,1,3,0,0.345,0.414,0.276,18,2022-06-01
sa3005781-A+-TBR,Alexander Ovalles,TBR,21,A+,32,0.258,0.25,0.129,0.031,0.795,0.409,0.323,0.344,0.452,2,1,0,0,0.091,0.545,0.364,18,2022-06-01
sa3003326-A+-DET,Wenceel Perez,DET,22,A+,62,0.68,0.129,0.175,0.081,0.795,0.298,0.281,0.339,0.456,6,2,5,1,0.468,0.34,0.191,18,2022-06-01
sa3007282-A+-LAD,Kekai Rios,LAD,25,A+,17,0.531,0.235,0.25,0.059,0.794,0.273,0.25,0.294,0.5,2,1,0,0,0.636,0.364,0.091,18,2022-06-01
sa872765-A+-WSN,Omar Meregildo,WSN,24,A+,62,0.369,0.306,0.226,0.113,0.792,0.29,0.226,0.339,0.453,6,3,1,0,0.645,0.258,0.129,18,2022-06-01
sa3006594-A+-TBR,Osleivis Basabe,TBR,21,A+,52,0.609,0.154,0.188,0.058,0.785,0.27,0.271,0.327,0.458,3,3,2,1,0.216,0.622,0.162,18,2022-06-01
sa3017293-A+-OAK,Brett Harris,OAK,24,A+,19,0.633,0.211,0.267,0.105,0.782,0.167,0.2,0.316,0.467,2,1,0,0,0.417,0.417,0.167,18,2022-06-01
sa3014494-A+-MIN,Aaron Sabato,MIN,23,A+,61,0.217,0.377,0.164,0.066,0.781,0.433,0.273,0.344,0.436,5,2,0,0,0.533,0.367,0.133,18,2022-06-01
sa3006220-A+-CHC,Pablo Aliendo,CHC,21,A+,35,0.456,0.171,0.156,0.057,0.78,0.32,0.281,0.343,0.438,3,1,1,0,0.32,0.4,0.32,18,2022-06-01
sa3011309-A+-BAL,Darell Hernaiz,BAL,20,A+,29,0.435,0.138,0.12,0.103,0.779,0.333,0.28,0.379,0.4,2,0,4,0,0.286,0.619,0.095,18,2022-06-01
sa3014497-A+-SEA,Tyler Keenan,SEA,23,A+,17,0.0,0.059,0.0,0.176,0.778,0.333,0.308,0.471,0.308,0,0,0,0,0.25,0.75,0.0,18,2022-06-01
sa3016953-A+-SEA,Andy Thomas,SEA,24,A+,43,0.264,0.256,0.135,0.116,0.777,0.36,0.27,0.372,0.405,3,1,0,0,0.28,0.64,0.16,18,2022-06-01
sa3010853-A+-NYM,Branden Fryman,NYM,24,A+,27,0.463,0.259,0.24,0.074,0.776,0.25,0.24,0.296,0.48,2,2,3,0,0.375,0.438,0.25,18,2022-06-01
sa3010017-A+-CHW,Tyler Osik,CHW,25,A+,40,0.19,0.225,0.086,0.1,0.775,0.393,0.314,0.375,0.4,3,0,0,0,0.179,0.429,0.357,18,2022-06-01
sa3007333-A+-TBR,Nate Soria,TBR,26,A+,19,0.0,0.368,0.0,0.105,0.774,0.6,0.353,0.421,0.353,0,0,0,0,0.2,0.5,0.3,18,2022-06-01
sa3008272-A+-PIT,Endy Rodriguez,PIT,22,A+,47,0.329,0.277,0.182,0.043,0.774,0.345,0.273,0.319,0.455,4,2,1,1,0.276,0.448,0.241,18,2022-06-01
sa3017158-A+-MIA,Cody Morissette,MIA,22,A+,62,0.579,0.194,0.224,0.048,0.773,0.283,0.259,0.29,0.483,9,2,0,0,0.478,0.283,0.217,18,2022-06-01
sa3011413-A+-SFG,Hunter Bishop,SFG,24,A+,74,0.184,0.365,0.134,0.095,0.769,0.462,0.284,0.351,0.418,6,1,7,0,0.282,0.487,0.231,18,2022-06-01
sa3017556-A+-MIN,Pat Winkel,MIN,22,A+,11,0.092,0.545,0.1,0.091,0.764,0.75,0.3,0.364,0.4,1,0,0,0,0.75,0.0,0.25,18,2022-06-01
sa3008845-A+-LAD,Jose Ramos,LAD,21,A+,59,0.367,0.322,0.236,0.068,0.761,0.324,0.236,0.288,0.473,7,2,1,0,0.5,0.294,0.206,18,2022-06-01
sa3004271-A+-BAL,Davis Tavarez,BAL,23,A+,19,0.264,0.316,0.167,0.053,0.76,0.364,0.278,0.316,0.444,1,1,1,0,0.364,0.545,0.091,18,2022-06-01
sa3016869-A+-BOS,Tyler McDonough,BOS,23,A+,67,0.153,0.343,0.105,0.119,0.759,0.455,0.281,0.373,0.386,4,1,3,3,0.273,0.394,0.333,18,2022-06-01
sa3007288-A+-CLE,Raynel Delgado,CLE,22,A+,50,0.388,0.18,0.14,0.06,0.759,0.314,0.279,0.34,0.419,3,1,2,2,0.4,0.457,0.143,18,2022-06-01
sa3016859-A+-SEA,James Parker,SEA,22,A+,46,0.413,0.217,0.179,0.13,0.758,0.286,0.231,0.348,0.41,5,1,2,0,0.464,0.321,0.25,18,2022-06-01
sa3017045-A+-MIL,Wes Clarke,MIL,22,A+,56,0.498,0.196,0.196,0.143,0.752,0.229,0.217,0.339,0.413,5,2,0,0,0.514,0.314,0.171,18,2022-06-01
sa3016955-A+-NYY,Tyler Hardman,NYY,23,A+,50,0.233,0.2,0.093,0.12,0.752,0.344,0.279,0.38,0.372,2,1,4,2,0.344,0.406,0.25,18,2022-06-01
sa3004263-A+-PIT,Abrahan Gutierrez,PIT,22,A+,47,0.22,0.277,0.122,0.085,0.752,0.37,0.268,0.362,0.39,3,1,1,0,0.185,0.407,0.407,18,2022-06-01
sa875753-A+-NYY,James Nelson,NYY,24,A+,38,0.339,0.211,0.143,0.211,0.752,0.238,0.214,0.395,0.357,2,1,5,2,0.143,0.667,0.19,18,2022-06-01
sa3017041-A+-CHW,Adam Hackenberg,CHW,22,A+,51,0.472,0.176,0.167,0.039,0.751,0.297,0.271,0.314,0.438,4,2,0,0,0.189,0.541,0.27,18,2022-06-01
sa3009888-A+-NYM,Nic Gaddis,NYM,25,A+,31,0.395,0.226,0.179,0.097,0.751,0.3,0.25,0.323,0.429,3,1,0,0,0.65,0.2,0.15,18,2022-06-01
sa3014522-A+-COL,Drew Romo,COL,20,A+,56,0.349,0.196,0.137,0.071,0.751,0.333,0.275,0.339,0.412,4,1,2,1,0.231,0.487,0.282,18,2022-06-01
sa3007974-A+-LAD,Aldrich De Jongh,LAD,23,A+,12,0.0,0.25,0.0,0.167,0.75,0.4,0.25,0.5,0.25,0,0,0,0,0.4,0.2,0.4,18,2022-06-01
sa3017161-A+-COL,Benjamin Sems,COL,24,A+,26,0.396,0.385,0.304,0.077,0.747,0.182,0.174,0.269,0.478,3,2,0,0,0.455,0.455,0.091,18,2022-06-01
sa3010159-A+-SDP,Ripken Reyes,SDP,25,A+,52,0.442,0.135,0.119,0.096,0.742,0.286,0.238,0.385,0.357,4,0,1,0,0.6,0.257,0.114,18,2022-06-01
sa3014936-A+-OAK,Jared McDonald,OAK,25,A+,27,0.25,0.444,0.222,0.0,0.741,0.385,0.259,0.259,0.481,2,2,0,0,0.538,0.462,0.154,18,2022-06-01
sa3007022-A+-SDP,Jarryd Dale,SDP,21,A+,64,0.209,0.188,0.078,0.172,0.74,0.333,0.255,0.406,0.333,3,0,3,2,0.487,0.333,0.154,18,2022-06-01
sa3011256-A+-WSN,Drew Mendoza,WSN,24,A+,50,0.434,0.24,0.208,0.02,0.738,0.273,0.25,0.28,0.458,4,3,0,0,0.424,0.394,0.182,18,2022-06-01
sa3017735-A+-CLE,Connor Kokx,CLE,22,A+,50,0.265,0.18,0.095,0.16,0.737,0.333,0.262,0.38,0.357,4,0,1,1,0.212,0.576,0.212,18,2022-06-01
sa3017214-A+-NYM,Rowdey Jordan,NYM,23,A+,53,0.505,0.132,0.133,0.151,0.736,0.27,0.244,0.358,0.378,4,1,2,2,0.324,0.432,0.27,18,2022-06-01
sa3010337-A+-KCR,Tyler Tolbert,KCR,24,A+,52,0.236,0.288,0.136,0.135,0.733,0.379,0.25,0.346,0.386,5,0,11,0,0.379,0.414,0.207,18,2022-06-01
sa3016970-A+-ARI,Tim Tawa,ARI,23,A+,59,0.405,0.169,0.137,0.102,0.731,0.286,0.255,0.339,0.392,4,1,2,0,0.381,0.405,0.19,18,2022-06-01
sa1115752-A+-MIN,Seth Gray,MIN,24,A+,51,0.297,0.314,0.186,0.137,0.729,0.28,0.209,0.333,0.395,4,2,4,1,0.48,0.44,0.12,18,2022-06-01
sa3014934-A+-KCR,Kale Emshoff,KCR,24,A+,47,0.16,0.426,0.136,0.064,0.728,0.478,0.273,0.319,0.409,4,1,0,1,0.435,0.348,0.217,18,2022-06-01
sa3010582-A+-PHI,McCarthy Tatum,PHI,26,A+,19,0.279,0.316,0.176,0.053,0.728,0.3,0.235,0.316,0.412,1,1,0,0,0.5,0.4,0.1,18,2022-06-01
sa3014817-A+-SEA,Justin Lavey,SEA,24,A+,50,0.131,0.26,0.068,0.1,0.724,0.394,0.295,0.36,0.364,3,0,3,0,0.303,0.394,0.303,18,2022-06-01
sa3017044-A+-BOS,Alex Binelas,BOS,22,A+,62,0.399,0.226,0.18,0.145,0.723,0.205,0.22,0.323,0.4,3,3,0,0,0.436,0.462,0.103,18,2022-06-01
sa3014490-A+-TEX,Evan Carter,TEX,19,A+,61,0.49,0.164,0.161,0.082,0.722,0.273,0.25,0.311,0.411,5,2,3,1,0.295,0.523,0.182,18,2022-06-01
sa3004147-A+-CLE,Johnathan Rodriguez,CLE,22,A+,28,0.224,0.357,0.16,0.107,0.721,0.357,0.24,0.321,0.4,2,1,0,0,0.5,0.286,0.214,18,2022-06-01
sa3014485-A+-KCR,Tyler Gentry,KCR,23,A+,45,0.308,0.333,0.205,0.111,0.721,0.273,0.205,0.311,0.41,3,2,0,0,0.227,0.591,0.136,18,2022-06-01
sa3008901-A+-PIT,Dariel Lopez,PIT,20,A+,49,0.342,0.286,0.196,0.061,0.72,0.3,0.239,0.286,0.435,5,2,1,1,0.367,0.4,0.233,18,2022-06-01
sa3006873-A+-OAK,Lawrence Butler,OAK,21,A+,50,0.169,0.46,0.156,0.1,0.72,0.476,0.244,0.32,0.4,5,1,2,2,0.619,0.238,0.143,18,2022-06-01
sa3017605-A+-TOR,Andres Sosa,TOR,24,A+,30,0.159,0.3,0.095,0.233,0.719,0.333,0.19,0.433,0.286,2,0,1,0,0.417,0.25,0.333,18,2022-06-01
21646-A+-PHI,Rafael Marchan,PHI,23,A+,15,0.577,0.133,0.154,0.133,0.718,0.273,0.231,0.333,0.385,2,0,0,0,0.545,0.273,0.182,18,2022-06-01
sa3014420-A+-DET,Trei Cruz,DET,23,A+,47,0.291,0.319,0.186,0.085,0.716,0.308,0.233,0.298,0.419,3,2,0,0,0.308,0.577,0.192,18,2022-06-01
sa3010906-A+-STL,Aaron Antonini,STL,23,A+,51,0.378,0.235,0.178,0.078,0.716,0.273,0.244,0.294,0.422,4,2,0,0,0.424,0.424,0.182,18,2022-06-01
sa3014840-A+-STL,L.J. Jones,STL,23,A+,28,0.5,0.214,0.214,0.0,0.714,0.286,0.25,0.25,0.464,4,1,0,0,0.571,0.286,0.143,18,2022-06-01
sa3008762-A+-CLE,Angel Martinez,CLE,20,A+,29,0.302,0.138,0.083,0.172,0.713,0.3,0.25,0.379,0.333,2,0,2,0,0.35,0.4,0.25,18,2022-06-01
sa3009882-A+-TBR,Logan Driscoll,TBR,24,A+,38,0.345,0.263,0.182,0.105,0.71,0.273,0.212,0.316,0.394,4,1,0,0,0.227,0.636,0.136,18,2022-06-01
sa3010887-A+-NYY,Spencer Henson,NYY,24,A+,43,0.517,0.209,0.216,0.116,0.708,0.192,0.189,0.302,0.405,4,2,0,1,0.5,0.308,0.231,18,2022-06-01
sa3010695-A+-MIA,Nasim Nunez,MIA,21,A+,60,0.067,0.283,0.038,0.1,0.706,0.444,0.302,0.367,0.34,2,0,8,3,0.194,0.639,0.194,18,2022-06-01
sa3017048-A+-HOU,Michael Sandle,HOU,23,A+,64,0.336,0.266,0.179,0.094,0.705,0.289,0.214,0.312,0.393,7,1,0,0,0.447,0.474,0.079,18,2022-06-01
sa927338-A+-PIT,Fabricio Macias,PIT,24,A+,19,0.352,0.158,0.111,0.053,0.705,0.333,0.278,0.316,0.389,2,0,0,0,0.333,0.467,0.2,18,2022-06-01
sa3017561-A+-MIN,Kyler Fedko,MIN,22,A+,52,0.371,0.192,0.143,0.173,0.703,0.242,0.214,0.346,0.357,4,1,0,0,0.576,0.212,0.182,18,2022-06-01
sa3010024-A+-CHW,Bryan Ramos,CHW,20,A+,60,1.091,0.1,0.218,0.067,0.703,0.196,0.218,0.267,0.436,6,3,0,0,0.326,0.478,0.196,18,2022-06-01
sa3008032-A+-LAA,Jordyn Adams,LAA,22,A+,48,0.124,0.188,0.047,0.083,0.703,0.382,0.302,0.354,0.349,2,0,6,0,0.265,0.618,0.118,18,2022-06-01
sa3014474-A+-DET,Colt Keith,DET,20,A+,61,0.391,0.213,0.167,0.115,0.7,0.256,0.222,0.311,0.389,4,2,1,0,0.333,0.41,0.231,18,2022-06-01
sa3014427-A+-TBR,Alika Williams,TBR,23,A+,55,0.239,0.218,0.104,0.109,0.7,0.314,0.25,0.345,0.354,3,1,0,1,0.343,0.543,0.143,18,2022-06-01
sa3016966-A+-NYY,Cooper Bowman,NYY,22,A+,64,0.332,0.219,0.145,0.109,0.694,0.256,0.236,0.312,0.382,4,2,4,2,0.395,0.465,0.14,18,2022-06-01
sa917119-A+-NYM,Shervyen Newton,NYM,23,A+,59,0.229,0.356,0.163,0.102,0.689,0.308,0.204,0.322,0.367,4,2,0,0,0.269,0.5,0.231,18,2022-06-01
sa3004055-A+-OAK,Austin Beck,OAK,23,A+,47,0.534,0.234,0.25,0.021,0.689,0.188,0.205,0.234,0.455,5,3,1,0,0.5,0.375,0.156,18,2022-06-01
sa3017343-A+-PHI,Jared Carr,PHI,23,A+,53,0.079,0.283,0.044,0.151,0.688,0.4,0.267,0.377,0.311,2,0,4,2,0.333,0.433,0.3,18,2022-06-01
sa3015126-A+-SFG,Carter Williams,SFG,24,A+,37,0.4,0.243,0.194,0.0,0.688,0.259,0.25,0.243,0.444,3,2,1,0,0.556,0.37,0.074,18,2022-06-01
sa3008745-A+-SEA,Noelvi Marte,SEA,20,A+,67,0.154,0.224,0.069,0.119,0.686,0.349,0.259,0.358,0.328,4,0,2,2,0.256,0.535,0.233,18,2022-06-01
sa919893-A+-NYM,Jose Mena,NYM,25,A+,42,0.188,0.333,0.125,0.024,0.686,0.4,0.275,0.286,0.4,3,1,0,0,0.32,0.4,0.28,18,2022-06-01
sa3017079-A+-HOU,Will Wagner,HOU,23,A+,58,0.28,0.19,0.106,0.138,0.685,0.256,0.234,0.345,0.34,3,1,0,0,0.436,0.359,0.256,18,2022-06-01
sa3018152-A+-CHW,Jason Matthews,CHW,25,A+,53,0.301,0.283,0.17,0.094,0.685,0.29,0.213,0.302,0.383,5,1,1,0,0.484,0.226,0.29,18,2022-06-01
sa3010048-A+-CIN,Ashton Creal,CIN,23,A+,20,0.111,0.25,0.056,0.1,0.683,0.385,0.278,0.35,0.333,1,0,2,0,0.231,0.538,0.308,18,2022-06-01
sa3007031-A+-MIA,Davis Bradshaw,MIA,24,A+,51,0.166,0.196,0.065,0.059,0.681,0.361,0.283,0.333,0.348,2,0,1,2,0.306,0.556,0.139,18,2022-06-01
sa917303-A+-CHC,Jonathan Sierra,CHC,23,A+,25,0.114,0.2,0.045,0.12,0.678,0.353,0.273,0.36,0.318,1,0,0,0,0.412,0.412,0.176,18,2022-06-01
sa3017554-A+-WSN,Darren Baker,WSN,23,A+,33,0.309,0.152,0.094,0.03,0.678,0.333,0.281,0.303,0.375,3,0,0,0,0.111,0.593,0.259,18,2022-06-01
sa3010704-A+-PIT,Sammy Siani,PIT,21,A+,45,0.152,0.4,0.122,0.089,0.677,0.409,0.244,0.311,0.366,3,1,2,2,0.091,0.545,0.318,18,2022-06-01
sa3005472-A+-MIN,Jeferson Morales,MIN,23,A+,19,0.447,0.263,0.235,0.0,0.675,0.182,0.176,0.263,0.412,2,1,0,0,0.545,0.273,0.182,18,2022-06-01
sa3018209-A+-ARI,Roby Enriquez,ARI,25,A+,31,0.232,0.258,0.12,0.097,0.675,0.25,0.2,0.355,0.32,1,1,0,0,0.188,0.688,0.125,18,2022-06-01
sa917277-A+-TEX,Cristian Inoa,TEX,22,A+,43,0.278,0.209,0.116,0.0,0.674,0.333,0.279,0.279,0.395,3,1,1,0,0.455,0.424,0.121,18,2022-06-01
sa900974-A+-STL,Carlos Soto,STL,23,A+,32,0.286,0.312,0.179,0.094,0.674,0.3,0.214,0.281,0.393,5,0,0,0,0.4,0.45,0.2,18,2022-06-01
sa3005579-A+-CLE,Jhonkensy Noel,CLE,20,A+,66,0.37,0.258,0.19,0.03,0.67,0.256,0.222,0.258,0.413,6,3,1,0,0.465,0.419,0.14,18,2022-06-01
sa3007640-A+-BOS,Nicholas Northcut,BOS,23,A+,56,0.24,0.375,0.18,0.089,0.666,0.296,0.2,0.286,0.38,5,2,0,0,0.667,0.222,0.148,18,2022-06-01
16542-A+-BAL,Shed Long Jr.,BAL,26,A+,20,0.156,0.4,0.125,0.2,0.662,0.375,0.188,0.35,0.312,1,0,0,0,0.25,0.5,0.25,18,2022-06-01
sa3010702-A+-ATL,Cade Bunnell,ATL,25,A+,47,0.216,0.426,0.184,0.17,0.661,0.25,0.158,0.319,0.342,3,2,0,0,0.188,0.625,0.188,18,2022-06-01
sa3010328-A+-HOU,C.J. Stubbs,HOU,25,A+,45,0.156,0.356,0.111,0.178,0.661,0.316,0.194,0.356,0.306,2,1,1,1,0.421,0.421,0.211,18,2022-06-01
sa3006883-A+-MIL,Micah Bello,MIL,21,A+,23,0.329,0.304,0.2,0.043,0.661,0.25,0.2,0.261,0.4,2,1,0,0,0.5,0.25,0.25,18,2022-06-01
sa3014461-A+-CLE,Petey Halpin,CLE,20,A+,47,0.16,0.213,0.068,0.043,0.66,0.353,0.273,0.319,0.341,3,0,0,1,0.382,0.441,0.176,18,2022-06-01
sa3008005-A+-MIL,Joe Gray Jr.,MIL,22,A+,60,0.245,0.367,0.18,0.15,0.66,0.222,0.18,0.3,0.36,3,3,0,0,0.444,0.519,0.037,18,2022-06-01
sa3016803-A+-SEA,Spencer Packard,SEA,24,A+,65,0.468,0.138,0.13,0.108,0.656,0.2,0.204,0.323,0.333,3,2,0,0,0.311,0.511,0.2,18,2022-06-01
sa1169595-A+-ATL,Beau Philip,ATL,23,A+,48,0.193,0.354,0.136,0.062,0.655,0.32,0.227,0.292,0.364,2,2,2,0,0.32,0.44,0.2,18,2022-06-01
sa917333-A+-MIN,Jair Camargo,MIN,22,A+,39,0.171,0.308,0.105,0.026,0.65,0.36,0.263,0.282,0.368,2,1,0,0,0.24,0.6,0.12,18,2022-06-01
sa3004979-A+-COL,Eddy Diaz,COL,22,A+,66,0.124,0.212,0.053,0.106,0.649,0.333,0.263,0.333,0.316,3,0,7,2,0.289,0.511,0.178,18,2022-06-01
sa3017155-A+-COL,Robby Martin Jr.,COL,22,A+,42,0.253,0.405,0.205,0.048,0.648,0.273,0.205,0.238,0.41,3,2,1,1,0.227,0.636,0.136,18,2022-06-01
sa3016959-A+-ARI,Caleb Roberts,ARI,22,A+,53,0.052,0.245,0.026,0.226,0.646,0.308,0.205,0.415,0.231,1,0,2,1,0.192,0.538,0.231,18,2022-06-01
sa3010153-A+-TEX,Cody Freeman,TEX,21,A+,56,0.7,0.071,0.1,0.089,0.644,0.234,0.24,0.304,0.34,3,1,0,1,0.362,0.447,0.17,18,2022-06-01
sa3009870-A+-SDP,Matthew Acosta,SDP,24,A+,39,0.31,0.179,0.111,0.051,0.643,0.267,0.25,0.282,0.361,2,1,0,0,0.367,0.467,0.167,18,2022-06-01
sa876328-A+-ARI,Tristin English,ARI,25,A+,48,0.217,0.375,0.163,0.062,0.643,0.28,0.209,0.271,0.372,3,2,1,0,0.4,0.44,0.2,18,2022-06-01
sa3017021-A+-BAL,Billy Cook,BAL,23,A+,55,0.214,0.364,0.156,0.127,0.642,0.269,0.178,0.309,0.333,4,1,4,0,0.577,0.346,0.077,18,2022-06-01
sa3006713-A+-WSN,Cole Daily,WSN,25,A+,49,0.153,0.163,0.05,0.163,0.642,0.281,0.225,0.367,0.275,2,0,5,0,0.375,0.469,0.156,18,2022-06-01
sa3004942-A+-STL,Francisco Hernandez,STL,22,A+,54,0.309,0.259,0.16,0.056,0.639,0.27,0.22,0.259,0.38,6,1,3,0,0.486,0.459,0.054,18,2022-06-01
sa3003325-A+-HOU,Nerio Rodriguez,HOU,22,A+,34,0.101,0.176,0.036,0.118,0.639,0.292,0.25,0.353,0.286,1,0,0,0,0.375,0.375,0.167,18,2022-06-01
sa917135-A+-CHW,Moises Castillo,CHW,22,A+,24,0.126,0.208,0.053,0.208,0.638,0.286,0.211,0.375,0.263,1,0,0,0,0.429,0.357,0.214,18,2022-06-01
sa3018099-A+-CHW,Oscar Colas,CHW,23,A+,50,0.385,0.26,0.2,0.1,0.638,0.2,0.178,0.26,0.378,4,2,0,1,0.267,0.533,0.2,18,2022-06-01
sa3016919-A+-STL,Mack Chambers,STL,22,A+,56,0.223,0.143,0.064,0.125,0.637,0.282,0.234,0.339,0.298,3,0,0,1,0.308,0.513,0.179,18,2022-06-01
sa3017327-A+-LAA,Mike Peabody,LAA,23,A+,48,0.142,0.271,0.077,0.146,0.636,0.308,0.205,0.354,0.282,3,0,1,1,0.269,0.654,0.115,18,2022-06-01
sa3016975-A+-DET,Ben Malgeri,DET,22,A+,63,0.165,0.286,0.094,0.111,0.635,0.314,0.208,0.333,0.302,4,0,1,0,0.229,0.543,0.229,18,2022-06-01
sa3007973-A+-MIA,Will Banfield,MIA,22,A+,49,0.355,0.184,0.13,0.041,0.635,0.263,0.239,0.265,0.37,4,1,0,0,0.368,0.526,0.105,18,2022-06-01
sa3011469-A+-BOS,Stephen Scott,BOS,25,A+,37,0.638,0.108,0.138,0.189,0.635,0.185,0.172,0.324,0.31,3,0,0,0,0.296,0.444,0.259,18,2022-06-01
sa1170052-A+-NYM,Tanner Murphy,NYM,24,A+,10,0.139,0.4,0.111,0.0,0.633,0.4,0.222,0.3,0.333,1,0,0,0,0.2,0.6,0.2,18,2022-06-01
sa3004060-A+-MIA,Marcus Chiu,MIA,25,A+,35,0.051,0.314,0.032,0.0,0.633,0.4,0.258,0.343,0.29,1,0,0,0,0.25,0.55,0.25,18,2022-06-01
sa3005181-A+-PHI,D.J. Stewart,PHI,23,A+,37,0.257,0.324,0.167,0.027,0.632,0.304,0.222,0.243,0.389,3,1,2,0,0.174,0.696,0.087,18,2022-06-01
sa3008184-A+-CHC,Cole Roederer,CHC,22,A+,52,0.258,0.288,0.149,0.077,0.631,0.273,0.213,0.269,0.362,5,1,3,0,0.455,0.333,0.212,18,2022-06-01
sa3018214-A+-CHW,Alsander Womack,CHW,23,A+,52,0.071,0.154,0.022,0.115,0.629,0.316,0.261,0.346,0.283,1,0,0,0,0.263,0.579,0.158,18,2022-06-01
sa3008771-A+-HOU,Cristian Gonzalez,HOU,20,A+,55,0.073,0.273,0.04,0.091,0.627,0.371,0.26,0.327,0.3,1,0,0,0,0.257,0.457,0.286,18,2022-06-01
sa3017162-A+-BAL,John Rhodes,BAL,21,A+,18,0.0,0.056,0.0,0.222,0.626,0.167,0.182,0.444,0.182,0,0,3,0,0.5,0.5,0.0,18,2022-06-01
sa3005730-A+-CHC,Yeison Santana,CHC,21,A+,33,0.0,0.152,0.0,0.121,0.623,0.318,0.259,0.364,0.259,0,0,3,3,0.318,0.455,0.227,18,2022-06-01
sa3003364-A+-LAD,Edwin Mateo,LAD,23,A+,49,0.136,0.184,0.05,0.122,0.622,0.29,0.225,0.347,0.275,2,0,0,1,0.355,0.484,0.161,18,2022-06-01
sa3014815-A+-TOR,Harrison Ray,TOR,24,A+,33,0.178,0.485,0.172,0.061,0.622,0.312,0.207,0.242,0.379,2,1,0,1,0.375,0.312,0.312,18,2022-06-01
sa3011702-A+-NYY,Pat DeMarco,NYY,24,A+,36,0.153,0.306,0.094,0.028,0.622,0.32,0.25,0.278,0.344,3,0,2,1,0.28,0.56,0.2,18,2022-06-01
sa3017371-A+-NYM,JT Schwartz,NYM,22,A+,56,0.129,0.232,0.06,0.107,0.621,0.324,0.24,0.321,0.3,2,0,0,0,0.514,0.324,0.162,18,2022-06-01
sa3005750-A+-KCR,Herard Gonzalez,KCR,21,A+,46,0.168,0.391,0.132,0.152,0.62,0.316,0.184,0.304,0.316,2,1,0,2,0.368,0.474,0.211,18,2022-06-01
sa3014829-A+-OAK,Patrick McColl,OAK,25,A+,27,0.241,0.296,0.143,0.185,0.619,0.231,0.143,0.333,0.286,2,0,0,0,0.154,0.769,0.0,18,2022-06-01
sa3005712-A+-MIA,Dalvy Rosario,MIA,21,A+,51,0.212,0.235,0.1,0.0,0.615,0.324,0.26,0.255,0.36,3,1,3,1,0.405,0.432,0.162,18,2022-06-01
sa3005486-A+-TOR,Miguel Hiraldo,TOR,21,A+,51,0.278,0.216,0.12,0.02,0.615,0.289,0.24,0.255,0.36,4,1,7,0,0.368,0.474,0.158,18,2022-06-01
sa3005541-A+-SFG,Luis Toribio,SFG,21,A+,45,0.099,0.289,0.057,0.2,0.613,0.292,0.2,0.356,0.257,2,0,0,0,0.292,0.583,0.083,18,2022-06-01
sa3017756-A+-MIN,Christian Encarnacion-Strand,MIN,22,A+,63,0.434,0.254,0.22,0.063,0.612,0.175,0.169,0.222,0.39,6,3,0,0,0.5,0.425,0.075,18,2022-06-01
sa3017660-A+-SDP,Anthony Vilar,SDP,23,A+,26,0.161,0.269,0.087,0.115,0.612,0.312,0.217,0.308,0.304,2,0,0,0,0.188,0.688,0.125,18,2022-06-01
sa3014548-A+-SFG,Jimmy Glowenke,SFG,23,A+,51,0.325,0.353,0.229,0.039,0.612,0.185,0.167,0.216,0.396,5,3,0,0,0.519,0.407,0.074,18,2022-06-01
sa3008744-A+-CLE,Gabriel Rodriguez,CLE,20,A+,45,0.592,0.156,0.184,0.133,0.609,0.129,0.158,0.267,0.342,3,2,0,0,0.419,0.484,0.097,18,2022-06-01
sa3016960-A+-ATL,Tyler Tolve,ATL,21,A+,31,0.062,0.29,0.036,0.097,0.608,0.368,0.25,0.323,0.286,1,0,1,1,0.368,0.368,0.211,18,2022-06-01
sa3010023-A+-SFG,Jairo Pomares,SFG,21,A+,64,0.23,0.328,0.151,0.141,0.602,0.233,0.17,0.281,0.321,4,2,0,0,0.533,0.4,0.067,18,2022-06-01
sa3017152-A+-BAL,Donta' Williams,BAL,23,A+,57,0.244,0.246,0.12,0.088,0.601,0.243,0.2,0.281,0.32,3,1,1,0,0.324,0.541,0.162,18,2022-06-01
sa3009794-A+-MIA,Angeudis Santos,MIA,20,A+,11,0.0,0.273,0.0,0.364,0.597,0.25,0.143,0.455,0.143,0,0,1,0,0.5,0.5,0.0,18,2022-06-01
sa3010889-A+-PIT,Hudson Head,PIT,21,A+,47,0.06,0.426,0.051,0.085,0.597,0.421,0.205,0.34,0.256,2,0,2,1,0.211,0.421,0.368,18,2022-06-01
sa3011264-A+-ATL,Drew Campbell,ATL,24,A+,58,0.086,0.207,0.036,0.034,0.597,0.341,0.268,0.293,0.304,2,0,1,2,0.182,0.568,0.273,18,2022-06-01
sa3011405-A+-NYM,Warren Saunders,NYM,23,A+,19,0.151,0.368,0.111,0.053,0.596,0.364,0.222,0.263,0.333,1,0,0,1,0.182,0.545,0.273,18,2022-06-01
sa3006916-A+-LAA,Kyle Kasser,LAA,26,A+,31,0.775,0.065,0.1,0.032,0.591,0.25,0.233,0.258,0.333,3,0,0,0,0.393,0.357,0.179,18,2022-06-01
sa918408-A+-STL,Todd Lott,STL,24,A+,30,0.268,0.267,0.143,0.033,0.59,0.238,0.214,0.233,0.357,2,1,0,0,0.524,0.286,0.19,18,2022-06-01
sa3006891-A+-TOR,Leo Jimenez,TOR,21,A+,42,0.35,0.214,0.15,0.024,0.588,0.233,0.2,0.238,0.35,4,1,1,0,0.4,0.4,0.2,18,2022-06-01
sa3010711-A+-ATL,Vaughn Grissom,ATL,21,A+,60,0.503,0.15,0.151,0.117,0.587,0.167,0.17,0.267,0.321,4,2,4,0,0.5,0.405,0.119,18,2022-06-01
sa3003213-A+-KCR,Felix Familia,KCR,23,A+,12,0.5,0.25,0.25,0.0,0.583,0.125,0.167,0.167,0.417,1,1,0,0,0.375,0.5,0.125,18,2022-06-01
sa3016839-A+-LAA,Kenyon Yovan,LAA,24,A+,27,0.24,0.333,0.16,0.037,0.582,0.278,0.2,0.222,0.36,3,0,0,0,0.278,0.389,0.278,18,2022-06-01
sa921577-A+-HOU,Luis Santana,HOU,22,A+,38,0.407,0.211,0.171,0.053,0.58,0.16,0.171,0.237,0.343,2,2,0,0,0.36,0.52,0.12,18,2022-06-01
sa916997-A+-CHW,Harvin Mendoza,CHW,23,A+,50,0.291,0.16,0.093,0.14,0.579,0.229,0.186,0.3,0.279,3,0,0,0,0.257,0.457,0.286,18,2022-06-01
sa3003222-A+-NYY,Aldenis Sanchez,NYY,23,A+,49,0.05,0.265,0.026,0.204,0.578,0.28,0.184,0.367,0.211,1,0,4,2,0.2,0.56,0.24,18,2022-06-01
sa3017396-A+-CIN,Jose Torres,CIN,22,A+,52,0.265,0.231,0.122,0.058,0.577,0.229,0.204,0.25,0.327,2,2,2,0,0.229,0.486,0.229,18,2022-06-01
sa3016961-A+-SDP,Corey Rosier,SDP,22,A+,65,0.134,0.2,0.054,0.108,0.576,0.279,0.214,0.308,0.268,2,0,6,2,0.372,0.419,0.209,18,2022-06-01
sa3010271-A+-SDP,Jack Stronach,SDP,24,A+,32,0.103,0.188,0.038,0.156,0.575,0.25,0.192,0.344,0.231,1,0,0,0,0.25,0.55,0.15,18,2022-06-01
sa3011644-A+-LAD,Jonny DeLuca,LAD,23,A+,73,0.478,0.192,0.183,0.164,0.574,0.093,0.117,0.274,0.3,5,3,3,0,0.651,0.302,0.047,18,2022-06-01
sa917056-A+-CIN,J.V. Martinez,CIN,23,A+,11,0.183,0.273,0.1,0.091,0.573,0.286,0.2,0.273,0.3,1,0,0,0,0.286,0.286,0.429,18,2022-06-01
sa918343-A+-ARI,Lyle Lin,ARI,25,A+,32,0.31,0.156,0.097,0.031,0.573,0.269,0.226,0.25,0.323,3,0,0,0,0.385,0.385,0.231,18,2022-06-01
sa917320-A+-LAD,Leonel Valera,LAD,22,A+,52,0.151,0.308,0.093,0.096,0.568,0.233,0.186,0.288,0.279,2,1,4,0,0.4,0.5,0.1,18,2022-06-01
sa3014833-A+-STL,Matt Chamberlain,STL,23,A+,32,0.171,0.312,0.107,0.094,0.567,0.235,0.179,0.281,0.286,1,1,0,1,0.412,0.529,0.118,18,2022-06-01
sa3014891-A+-ATL,Bryson Horne,ATL,23,A+,37,0.233,0.189,0.088,0.081,0.564,0.231,0.206,0.27,0.294,1,1,0,0,0.423,0.462,0.115,18,2022-06-01
sa3014524-A+-PHI,Casey Martin,PHI,23,A+,55,0.411,0.164,0.135,0.055,0.563,0.214,0.192,0.236,0.327,4,1,1,0,0.595,0.238,0.19,18,2022-06-01
sa3017176-A+-BAL,Collin Burns,BAL,22,A+,31,0.108,0.194,0.042,0.226,0.563,0.222,0.167,0.355,0.208,1,0,1,0,0.167,0.833,0.056,18,2022-06-01
sa3005037-A+-TOR,PK Morris,TOR,23,A+,60,0.16,0.25,0.08,0.15,0.56,0.222,0.18,0.3,0.26,2,1,0,0,0.472,0.528,0.028,18,2022-06-01
sa917095-A+-NYY,Eduardo Torrealba,NYY,23,A+,18,0.667,0.167,0.222,0.0,0.556,0.143,0.167,0.167,0.389,2,1,1,0,0.286,0.571,0.143,18,2022-06-01
sa3005515-A+-CLE,Alexfri Planez,CLE,20,A+,27,0.5,0.185,0.185,0.0,0.556,0.19,0.185,0.185,0.37,3,1,0,0,0.286,0.571,0.143,18,2022-06-01
sa3009874-A+-TOR,Trevor Schwecke,TOR,24,A+,45,0.223,0.267,0.119,0.022,0.554,0.267,0.19,0.244,0.31,5,0,0,1,0.433,0.333,0.233,18,2022-06-01
sa3014549-A+-MIL,Zavier Warren,MIL,23,A+,62,0.554,0.129,0.143,0.097,0.546,0.17,0.161,0.242,0.304,6,1,1,0,0.426,0.362,0.234,18,2022-06-01
sa3007528-A+-PHI,Nick Matera,PHI,25,A+,38,0.228,0.342,0.156,0.158,0.544,0.167,0.125,0.263,0.281,3,1,0,0,0.389,0.444,0.167,18,2022-06-01
sa3004149-A+-SDP,Agustin Ruiz,SDP,22,A+,17,0.981,0.118,0.231,0.176,0.543,0.0,0.077,0.235,0.308,1,1,0,0,0.5,0.417,0.083,18,2022-06-01
sa3017120-A+-MIA,Bennett Hostetler,MIA,24,A+,45,0.153,0.244,0.075,0.067,0.542,0.258,0.2,0.267,0.275,3,0,1,0,0.452,0.355,0.161,18,2022-06-01
sa3005795-A+-TBR,Pedro Martinez,TBR,21,A+,16,0.0,0.188,0.0,0.188,0.542,0.222,0.167,0.375,0.167,0,0,3,0,0.0,0.667,0.333,18,2022-06-01
sa3017110-A+-KCR,Peyton Wilson,KCR,22,A+,54,0.195,0.352,0.137,0.056,0.536,0.233,0.176,0.222,0.314,3,2,2,0,0.367,0.533,0.1,18,2022-06-01
sa3017051-A+-MIL,Ethan Murray,MIL,22,A+,38,0.0,0.211,0.0,0.158,0.536,0.261,0.194,0.342,0.194,0,0,4,0,0.174,0.609,0.174,18,2022-06-01
sa3010146-A+-HOU,AJ Lee,HOU,25,A+,34,0.084,0.412,0.069,0.118,0.535,0.333,0.172,0.294,0.241,1,0,0,0,0.333,0.467,0.133,18,2022-06-01
sa918698-A+-BAL,Ramon Rodriguez,BAL,23,A+,34,0.094,0.176,0.033,0.059,0.531,0.269,0.233,0.265,0.267,1,0,1,1,0.077,0.654,0.231,18,2022-06-01
sa3004518-A+-TOR,Davis Schneider,TOR,23,A+,44,0.121,0.318,0.077,0.068,0.529,0.28,0.179,0.273,0.256,2,0,3,0,0.4,0.28,0.32,18,2022-06-01
sa3014987-A+-STL,Jacob Buchberger,STL,24,A+,42,0.103,0.262,0.054,0.119,0.529,0.269,0.189,0.286,0.243,1,0,1,0,0.5,0.346,0.154,18,2022-06-01
sa3007877-A+-PIT,Jack Herman,PIT,22,A+,38,0.129,0.342,0.088,0.079,0.528,0.25,0.176,0.263,0.265,1,1,0,1,0.5,0.25,0.25,18,2022-06-01
sa3003331-A+-SFG,Ghordy Santos,SFG,22,A+,76,0.063,0.329,0.042,0.039,0.527,0.34,0.222,0.263,0.264,3,0,3,1,0.298,0.489,0.191,18,2022-06-01
sa3017373-A+-MIA,Kyler Castillo,MIA,24,A+,24,0.156,0.292,0.091,0.083,0.523,0.267,0.182,0.25,0.273,2,0,0,0,0.533,0.267,0.2,18,2022-06-01
sa3005784-A+-PHI,Johan Rojas,PHI,21,A+,64,0.232,0.219,0.102,0.062,0.523,0.227,0.186,0.234,0.288,3,1,4,0,0.341,0.477,0.159,18,2022-06-01
sa3014826-A+-CHC,Scott McKeon,CHC,24,A+,35,0.151,0.429,0.129,0.086,0.519,0.267,0.161,0.229,0.29,2,1,2,0,0.267,0.533,0.2,18,2022-06-01
sa3010148-A+-CLE,Michael Amditis,CLE,24,A+,27,0.117,0.185,0.043,0.148,0.514,0.222,0.174,0.296,0.217,1,0,0,0,0.444,0.5,0.0,18,2022-06-01
sa3017394-A+-KCR,Luca Tresh,KCR,22,A+,46,0.187,0.304,0.114,0.043,0.513,0.241,0.182,0.217,0.295,3,1,0,0,0.517,0.345,0.103,18,2022-06-01
sa3007019-A+-TEX,Frainyer Chavez,TEX,23,A+,41,0.185,0.146,0.054,0.073,0.512,0.226,0.189,0.268,0.243,2,0,1,1,0.419,0.387,0.161,18,2022-06-01
sa3006711-A+-WSN,Gage Canning,WSN,25,A+,28,0.173,0.321,0.111,0.0,0.511,0.235,0.185,0.214,0.296,1,1,0,0,0.471,0.471,0.118,18,2022-06-01
sa3015071-A+-STL,Tommy Jew,STL,24,A+,36,0.198,0.361,0.143,0.028,0.509,0.273,0.171,0.194,0.314,5,0,1,1,0.545,0.318,0.136,18,2022-06-01
sa3004383-A+-WSN,Ricardo Mendez,WSN,22,A+,56,0.206,0.286,0.118,0.054,0.508,0.212,0.176,0.214,0.294,2,2,3,1,0.273,0.515,0.212,18,2022-06-01
sa917348-A+-LAA,Osmy Gregorio,LAA,24,A+,56,0.093,0.321,0.06,0.089,0.508,0.281,0.18,0.268,0.24,2,0,3,1,0.188,0.625,0.156,18,2022-06-01
sa3016854-A+-MIA,Tanner Allen,MIA,24,A+,42,0.162,0.167,0.054,0.071,0.505,0.219,0.189,0.262,0.243,2,0,0,0,0.375,0.344,0.25,18,2022-06-01
sa3008877-A+-OAK,Euribiel Angeles,OAK,20,A+,51,0.106,0.196,0.042,0.039,0.505,0.263,0.208,0.255,0.25,2,0,1,1,0.5,0.395,0.105,18,2022-06-01
sa3006889-A+-LAA,D'Shawn Knowles,LAA,21,A+,23,0.0,0.217,0.0,0.087,0.504,0.267,0.2,0.304,0.2,0,0,0,0,0.467,0.4,0.133,18,2022-06-01
sa876111-A+-CIN,Garrett Wolforth,CIN,24,A+,33,0.146,0.394,0.115,0.182,0.503,0.2,0.115,0.273,0.231,3,0,0,0,0.333,0.467,0.2,18,2022-06-01
sa917065-A+-COL,Cristopher Navarro,COL,23,A+,28,0.0,0.143,0.0,0.25,0.5,0.176,0.143,0.357,0.143,0,0,0,0,0.294,0.529,0.176,18,2022-06-01
sa1053075-A+-OAK,Marty Bechina,OAK,25,A+,28,0.0,0.321,0.0,0.143,0.495,0.286,0.174,0.321,0.174,0,0,0,0,0.214,0.714,0.071,18,2022-06-01
sa3004933-A+-SDP,Olivier Basabe,SDP,24,A+,49,0.0,0.245,0.0,0.041,0.495,0.273,0.209,0.286,0.209,0,0,2,1,0.394,0.485,0.182,18,2022-06-01
sa3016962-A+-LAA,Christian Molfetta,LAA,25,A+,22,0.0,0.273,0.0,0.136,0.495,0.273,0.176,0.318,0.176,0,0,0,0,0.455,0.545,0.0,18,2022-06-01
sa3016956-A+-DET,Chris Meyers,DET,23,A+,31,0.086,0.387,0.067,0.032,0.492,0.333,0.2,0.226,0.267,2,0,0,1,0.278,0.5,0.222,18,2022-06-01
sa3011603-A+-PHI,Uziel Viloria,PHI,20,A+,17,0.266,0.353,0.188,0.059,0.489,0.111,0.125,0.176,0.312,1,1,0,1,0.667,0.222,0.111,18,2022-06-01
sa3009896-A+-SEA,Trent Tingelstad,SEA,24,A+,24,0.163,0.292,0.095,0.125,0.488,0.214,0.143,0.25,0.238,2,0,0,0,0.5,0.357,0.071,18,2022-06-01
sa3008868-A+-OAK,Brayan Buelvas,OAK,20,A+,45,0.321,0.222,0.143,0.067,0.486,0.161,0.143,0.2,0.286,4,1,0,0,0.323,0.484,0.194,18,2022-06-01
sa916966-A+-NYY,Carlos Narvaez,NYY,23,A+,36,0.064,0.278,0.036,0.167,0.484,0.2,0.143,0.306,0.179,1,0,1,1,0.45,0.5,0.1,18,2022-06-01
sa1170876-A+-ATL,Willie Carter,ATL,25,A+,25,0.125,0.2,0.05,0.16,0.48,0.176,0.15,0.28,0.2,1,0,0,0,0.647,0.176,0.176,18,2022-06-01
sa3005500-A+-CHC,Fabian Pertuz,CHC,21,A+,49,0.092,0.347,0.064,0.02,0.48,0.3,0.191,0.224,0.255,3,0,0,0,0.4,0.5,0.1,18,2022-06-01
sa3014546-A+-BOS,Nick Yorke,BOS,20,A+,49,0.065,0.163,0.021,0.041,0.479,0.256,0.213,0.245,0.234,1,0,0,1,0.333,0.538,0.128,18,2022-06-01
sa3018121-A+-SEA,Myles Miller,SEA,26,A+,22,0.157,0.318,0.1,0.091,0.477,0.231,0.15,0.227,0.25,1,0,0,0,0.077,0.923,0.0,18,2022-06-01
sa3004148-A+-WSN,Jordy Barley,WSN,22,A+,44,0.129,0.386,0.1,0.091,0.477,0.227,0.15,0.227,0.25,2,1,3,1,0.273,0.636,0.091,18,2022-06-01
sa3014824-A+-TOR,MacKenzie Mueller,TOR,24,A+,33,0.073,0.455,0.067,0.061,0.476,0.333,0.167,0.242,0.233,1,0,0,0,0.333,0.6,0.067,18,2022-06-01
sa3002711-A+-PHI,Nicolas Torres,PHI,22,A+,48,0.145,0.229,0.067,0.042,0.474,0.212,0.178,0.229,0.244,1,1,0,1,0.394,0.394,0.182,18,2022-06-01
sa3010334-A+-MIL,Ashton McGee,MIL,23,A+,37,0.088,0.486,0.086,0.054,0.473,0.353,0.171,0.216,0.257,3,0,0,0,0.353,0.412,0.235,18,2022-06-01
sa3017292-A+-OAK,Jonny Butler,OAK,23,A+,20,0.093,0.3,0.056,0.1,0.472,0.25,0.167,0.25,0.222,1,0,0,0,0.167,0.667,0.083,18,2022-06-01
sa3005519-A+-OAK,Joshwan Wright,OAK,21,A+,26,0.074,0.269,0.04,0.038,0.471,0.278,0.2,0.231,0.24,1,0,0,0,0.389,0.444,0.167,18,2022-06-01
sa969091-A+-OAK,Lazaro Armenteros,OAK,23,A+,28,0.14,0.464,0.13,0.179,0.467,0.111,0.087,0.25,0.217,1,1,2,0,0.667,0.111,0.222,18,2022-06-01
sa3005489-A+-BOS,Antoni Flores,BOS,21,A+,15,0.25,0.4,0.2,0.0,0.467,0.125,0.133,0.133,0.333,1,1,0,0,0.5,0.375,0.125,18,2022-06-01
sa3005529-A+-TEX,Randy Florentino,TEX,21,A+,16,0.0,0.375,0.0,0.188,0.466,0.286,0.154,0.312,0.154,0,0,1,0,0.143,1.0,0.0,18,2022-06-01
sa3003260-A+-DET,Jimmy Mojica,DET,22,A+,18,0.0,0.222,0.0,0.111,0.465,0.25,0.188,0.278,0.188,0,0,0,0,0.083,0.917,0.0,18,2022-06-01
sa917150-A+-CIN,Jonathan Willems,CIN,23,A+,25,0.181,0.36,0.13,0.04,0.461,0.154,0.13,0.2,0.261,1,1,0,0,0.231,0.538,0.231,18,2022-06-01
sa3010852-A+-WSN,Jeremy Ydens,WSN,24,A+,29,0.082,0.276,0.045,0.172,0.458,0.214,0.136,0.276,0.182,1,0,1,0,0.286,0.429,0.286,18,2022-06-01
sa3004385-A+-WSN,Israel Pineda,WSN,22,A+,41,0.101,0.39,0.079,0.073,0.456,0.273,0.158,0.22,0.237,3,0,2,0,0.5,0.227,0.273,18,2022-06-01
sa3016973-A+-NYY,Trey Sweeney,NYY,22,A+,59,0.148,0.203,0.06,0.102,0.454,0.154,0.14,0.254,0.2,1,1,5,0,0.462,0.436,0.103,18,2022-06-01
sa3010018-A+-CLE,Aaron Bracho,CLE,21,A+,37,0.198,0.297,0.118,0.027,0.454,0.182,0.147,0.189,0.265,2,1,0,0,0.545,0.318,0.182,18,2022-06-01
sa3007023-A+-MIL,Alex Hall,MIL,23,A+,12,0.0,0.333,0.0,0.083,0.45,0.25,0.2,0.25,0.2,0,0,0,0,0.625,0.25,0.0,18,2022-06-01
sa3016857-A+-LAA,Steven Rivas,LAA,23,A+,21,0.069,0.381,0.053,0.095,0.449,0.273,0.158,0.238,0.211,1,0,0,0,0.455,0.455,0.091,18,2022-06-01
sa3003330-A+-HOU,Deury Carrasco,HOU,22,A+,14,0.077,0.5,0.077,0.071,0.445,0.333,0.154,0.214,0.231,1,0,0,0,0.667,0.333,0.0,18,2022-06-01
sa872464-A+-LAA,Edwin Yon,LAA,23,A+,43,0.051,0.535,0.054,0.14,0.445,0.357,0.135,0.256,0.189,2,0,1,0,0.286,0.429,0.286,18,2022-06-01
sa3004727-A+-BOS,Tyler Esplin,BOS,22,A+,29,0.0,0.276,0.0,0.276,0.445,0.143,0.1,0.345,0.1,0,0,0,0,0.214,0.714,0.071,18,2022-06-01
sa3007037-A+-SDP,Angel Solarte,SDP,21,A+,18,0.0,0.444,0.0,0.0,0.444,0.4,0.222,0.222,0.222,0,0,0,1,0.3,0.6,0.1,18,2022-06-01
sa918323-A+-LAA,Francisco Del Valle,LAA,23,A+,27,0.2,0.37,0.148,0.0,0.444,0.188,0.148,0.148,0.296,2,1,0,0,0.5,0.375,0.188,18,2022-06-01
sa918961-A+-PIT,Eli Wilson,PIT,23,A+,19,0.0,0.474,0.0,0.053,0.44,0.375,0.176,0.263,0.176,0,0,1,0,0.375,0.25,0.375,18,2022-06-01
sa3017001-A+-STL,Noah Mendlinger,STL,21,A+,27,0.0,0.259,0.0,0.148,0.439,0.214,0.143,0.296,0.143,0,0,0,0,0.5,0.286,0.214,18,2022-06-01
sa3004381-A+-DET,Ulrich Bojarski,DET,23,A+,16,0.136,0.688,0.188,0.0,0.438,0.25,0.125,0.125,0.312,1,1,0,0,0.25,1.0,-0.25,18,2022-06-01
sa3014701-A+-SDP,Robert Hassell III,SDP,20,A+,52,0.044,0.231,0.02,0.058,0.435,0.243,0.184,0.231,0.204,1,0,2,0,0.243,0.541,0.216,18,2022-06-01
sa3010160-A+-BOS,Jaxx Groshans,BOS,23,A+,25,0.104,0.24,0.05,0.2,0.43,0.143,0.1,0.28,0.15,1,0,0,0,0.5,0.429,0.071,18,2022-06-01
sa3014882-A+-OAK,Sahid Valenzuela,OAK,24,A+,14,0.0,0.5,0.0,0.0,0.429,0.429,0.214,0.214,0.214,0,0,0,0,0.143,0.571,0.286,18,2022-06-01
sa3008249-A+-CLE,Korey Holland,CLE,22,A+,29,0.086,0.414,0.071,0.0,0.422,0.312,0.179,0.172,0.25,2,0,0,0,0.312,0.438,0.25,18,2022-06-01
sa3005601-A+-LAA,Jose Guzman,LAA,21,A+,38,0.105,0.289,0.061,0.105,0.419,0.182,0.121,0.237,0.182,2,0,5,1,0.318,0.545,0.091,18,2022-06-01
sa3016967-A+-DET,Austin Murr,DET,23,A+,55,0.206,0.145,0.06,0.091,0.418,0.167,0.14,0.218,0.2,3,0,0,0,0.31,0.5,0.19,18,2022-06-01
sa3016957-A+-ARI,Adrian Del Castillo,ARI,22,A+,51,0.31,0.235,0.146,0.039,0.407,0.114,0.104,0.157,0.25,4,1,0,0,0.429,0.486,0.057,18,2022-06-01
sa918086-A+-CHW,Luis Curbelo,CHW,24,A+,34,0.0,0.441,0.0,0.118,0.403,0.286,0.138,0.265,0.138,0,0,0,0,0.214,0.643,0.143,18,2022-06-01
sa3017156-A+-BAL,Connor Pavolony,BAL,22,A+,32,0.0,0.219,0.0,0.156,0.401,0.167,0.12,0.281,0.12,0,0,0,1,0.5,0.333,0.111,18,2022-06-01
sa3017322-A+-LAA,Straton Podaras,LAA,24,A+,29,0.0,0.276,0.0,0.138,0.401,0.188,0.125,0.276,0.125,0,0,2,1,0.312,0.562,0.062,18,2022-06-01
sa3010859-A+-WSN,Kevin Strohschein,WSN,24,A+,41,0.0,0.195,0.0,0.024,0.399,0.226,0.179,0.22,0.179,0,0,0,1,0.258,0.548,0.194,18,2022-06-01
sa917184-A+-DET,Jose King,DET,23,A+,18,0.0,0.556,0.0,0.056,0.399,0.429,0.176,0.222,0.176,0,0,0,1,0.429,0.143,0.429,18,2022-06-01
sa3016951-A+-ARI,Ryan Bliss,ARI,22,A+,60,0.029,0.317,0.018,0.067,0.398,0.237,0.164,0.217,0.182,1,0,1,0,0.316,0.5,0.237,18,2022-06-01
sa3017019-A+-BAL,Connor Norby,BAL,22,A+,13,0.0,0.154,0.0,0.077,0.397,0.2,0.167,0.231,0.167,0,0,1,0,0.6,0.3,0.1,18,2022-06-01
sa3017078-A+-TOR,Riley Tirotta,TOR,23,A+,51,0.065,0.333,0.043,0.098,0.39,0.207,0.13,0.216,0.174,2,0,4,0,0.414,0.483,0.069,18,2022-06-01
sa917118-A+-NYM,Wilmer Reyes,NYM,24,A+,27,0.09,0.222,0.04,0.037,0.385,0.211,0.16,0.185,0.2,1,0,3,0,0.368,0.632,0.0,18,2022-06-01
sa3005571-A+-MIA,Federico Polanco,MIA,21,A+,11,0.183,0.273,0.1,0.091,0.382,0.143,0.1,0.182,0.2,1,0,0,0,0.286,0.571,0.143,18,2022-06-01
sa3011768-A+-LAA,Kyren Paris,LAA,20,A+,30,0.038,0.467,0.036,0.067,0.379,0.286,0.143,0.2,0.179,1,0,0,0,0.643,0.286,0.071,18,2022-06-01
sa3017074-A+-ATL,Christian Robinson,ATL,22,A+,48,0.044,0.271,0.024,0.125,0.372,0.172,0.119,0.229,0.143,1,0,0,0,0.276,0.517,0.207,18,2022-06-01
sa3002862-A+-LAD,Ismael Alcantara,LAD,23,A+,49,0.039,0.286,0.022,0.02,0.361,0.212,0.156,0.184,0.178,1,0,2,0,0.333,0.455,0.242,18,2022-06-01
sa917168-A+-MIN,Wander Javier,MIN,23,A+,51,0.116,0.353,0.082,0.039,0.361,0.167,0.122,0.157,0.204,2,1,0,0,0.4,0.4,0.2,18,2022-06-01
sa3018243-A+-LAD,Max Hewitt,LAD,24,A+,15,0.0,0.333,0.0,0.133,0.35,0.143,0.083,0.267,0.083,0,0,0,0,0.143,0.714,0.143,18,2022-06-01
sa3016999-A+-STL,Thomas Francisco,STL,23,A+,42,0.09,0.286,0.051,0.024,0.346,0.172,0.128,0.167,0.179,2,0,0,0,0.448,0.483,0.103,18,2022-06-01
sa3017478-A+-PIT,Jackson Glenn,PIT,24,A+,25,0.0,0.44,0.0,0.16,0.335,0.2,0.095,0.24,0.095,0,0,1,0,0.2,0.2,0.5,18,2022-06-01
sa3008754-A+-TBR,Alejandro Pie,TBR,20,A+,15,0.083,0.4,0.067,0.0,0.333,0.222,0.133,0.133,0.2,1,0,1,0,0.111,0.778,0.111,18,2022-06-01
sa3008878-A+-PIT,Maikol Escotto,PIT,20,A+,41,0.158,0.488,0.154,0.024,0.328,0.111,0.077,0.098,0.231,3,1,0,1,0.278,0.389,0.333,18,2022-06-01
sa3005624-A+-COL,Ronaiker Palma,COL,22,A+,19,0.0,0.211,0.0,0.0,0.316,0.2,0.158,0.158,0.158,0,0,0,0,0.333,0.467,0.2,18,2022-06-01
sa3006888-A+-CHC,Luis Verdugo,CHC,21,A+,31,0.0,0.226,0.0,0.097,0.305,0.15,0.111,0.194,0.111,0,0,0,0,0.45,0.5,0.05,18,2022-06-01
sa3014525-A+-ARI,A.J. Vukovich,ARI,20,A+,24,0.0,0.25,0.0,0.042,0.303,0.167,0.136,0.167,0.136,0,0,3,1,0.222,0.444,0.278,18,2022-06-01
sa3014947-A+-ARI,Elian Miranda,ARI,23,A+,28,0.269,0.214,0.115,0.036,0.299,0.048,0.077,0.107,0.192,1,1,1,0,0.429,0.429,0.143,18,2022-06-01
sa3006621-A+-COL,Bladimir Restituyo,COL,20,A+,39,0.083,0.333,0.056,0.026,0.295,0.174,0.111,0.128,0.167,1,0,1,0,0.217,0.609,0.13,18,2022-06-01
sa3004883-A+-CLE,Micael Ramirez,CLE,23,A+,32,0.0,0.188,0.0,0.156,0.293,0.095,0.074,0.219,0.074,0,0,0,0,0.381,0.524,0.095,18,2022-06-01
sa3011330-A+-MIL,Darrien Miller,MIL,21,A+,46,0.089,0.261,0.047,0.022,0.292,0.129,0.093,0.152,0.14,2,0,0,0,0.452,0.419,0.129,18,2022-06-01
sa3017043-A+-CIN,Michael Trautwein,CIN,22,A+,15,0.0,0.467,0.0,0.133,0.277,0.167,0.077,0.2,0.077,0,0,0,0,0.333,0.667,0.0,18,2022-06-01
sa3008250-A+-MIN,Charles Mack,MIN,22,A+,19,0.093,0.316,0.059,0.105,0.276,0.091,0.059,0.158,0.118,1,0,0,0,0.364,0.545,0.091,18,2022-06-01
sa3016954-A+-ARI,Shane Muntz,ARI,23,A+,16,0.0,0.188,0.0,0.062,0.264,0.083,0.077,0.188,0.077,0,0,1,0,0.333,0.583,0.083,18,2022-06-01
sa1170041-A+-KCR,Burle Dixon,KCR,23,A+,36,0.0,0.528,0.0,0.139,0.259,0.167,0.065,0.194,0.065,0,0,1,0,0.667,0.333,0.0,18,2022-06-01
sa923239-A+-SDP,Reinaldo Ilarraza,SDP,23,A+,20,0.0,0.35,0.0,0.15,0.259,0.1,0.059,0.2,0.059,0,0,0,0,0.4,0.5,0.1,18,2022-06-01
sa3010387-A+-CHC,Grayson Byrd,CHC,26,A+,20,0.071,0.35,0.05,0.0,0.25,0.154,0.1,0.1,0.15,1,0,0,0,0.385,0.462,0.154,18,2022-06-01
sa3002670-A+-SDP,Justin Lopez,SDP,22,A+,29,0.0,0.345,0.0,0.103,0.249,0.125,0.077,0.172,0.077,0,0,0,0,0.562,0.312,0.062,18,2022-06-01
sa3008030-A+-BAL,AJ Graffanino,BAL,24,A+,17,0.0,0.059,0.0,0.118,0.243,0.071,0.067,0.176,0.067,0,0,0,0,0.5,0.357,0.143,18,2022-06-01
sa3011669-A+-BAL,Erison Placencia,BAL,20,A+,13,0.0,0.538,0.0,0.231,0.231,0.0,0.0,0.231,0.0,0,0,1,0,0.0,1.0,0.0,18,2022-06-01
sa3018120-A+-PHI,Karl Ellison,PHI,27,A+,18,0.0,0.5,0.0,0.0,0.222,0.222,0.111,0.111,0.111,0,0,0,0,0.333,0.556,0.111,18,2022-06-01
sa1172775-A+-TOR,Anthony Morales,TOR,23,A+,14,0.0,0.143,0.0,0.0,0.22,0.091,0.077,0.143,0.077,0,0,0,0,0.273,0.818,0.0,18,2022-06-01
sa3006424-A+-SFG,Rodolfo Bone,SFG,22,A+,23,0.056,0.391,0.043,0.0,0.217,0.143,0.087,0.087,0.13,1,0,0,0,0.214,0.571,0.214,18,2022-06-01
sa3005745-A+-DET,Carlos Irigoyen,DET,21,A+,10,0.0,0.8,0.0,0.0,0.2,0.5,0.1,0.1,0.1,0,0,0,0,0.0,1.0,0.0,18,2022-06-01
sa3005630-A+-TBR,Heriberto Hernandez,TBR,22,A+,48,0.0,0.458,0.0,0.104,0.192,0.095,0.047,0.146,0.047,0,0,0,0,0.286,0.619,0.095,18,2022-06-01
sa3015802-A+-MIL,Jadher Areinamo,MIL,18,A+,16,0.062,0.5,0.062,0.0,0.188,0.125,0.062,0.062,0.125,1,0,0,0,0.625,0.375,0.0,18,2022-06-01
sa3010343-A+-COL,Yorvis Torrealba,COL,24,A+,11,0.0,0.182,0.0,0.0,0.182,0.111,0.091,0.091,0.091,0,0,0,0,0.333,0.556,0.111,18,2022-06-01
sa3010693-A+-PHI,Andrick Nava,PHI,20,A+,20,0.0,0.15,0.0,0.05,0.153,0.062,0.053,0.1,0.053,0,0,0,0,0.5,0.5,0.0,18,2022-06-01
sa917079-A+-MIL,Antonio Pinero,MIL,23,A+,23,0.0,0.391,0.0,0.087,0.13,0.0,0.0,0.13,0.0,0,0,1,0,0.636,0.364,0.0,18,2022-06-01
sa1170006-A+-LAD,Joe Vranesh,LAD,24,A+,10,0.0,0.3,0.0,0.1,0.1,0.0,0.0,0.1,0.0,0,0,0,0,0.5,0.167,0.167,18,2022-06-01
sa1170897-A+-PIT,Ernny Ordonez,PIT,23,A+,17,0.0,0.412,0.0,0.059,0.059,0.0,0.0,0.059,0.0,0,0,0,0,0.444,0.333,0.222,18,2022-06-01
